key_id,key,operation,pX,pY,LR,state,delta,time_diff,time_since_beginning,key_id,press_to_press,release_to_press,hold_time
1,h,1.0,777.0,538.0,0.0,1.0,0.0,0.124,0.249,1,0.07800000000000001,0.124,0.249
2,i,1.0,777.0,538.0,0.0,1.0,0.0,0.234,0.561,2,0.09399999999999997,0.23400000000000004,0.31200000000000006
3,s,1.0,777.0,538.0,0.0,1.0,0.0,1.264,1.919,3,0.07800000000000007,1.264,1.358
4,space,1.0,777.0,538.0,0.0,1.0,0.0,0.109,2.1060000000000003,4,0.09299999999999997,0.10900000000000021,0.18700000000000028
5,i,1.0,777.0,538.0,0.0,1.0,0.0,0.266,2.4650000000000003,5,0.07799999999999985,0.266,0.359
6,s,1.0,777.0,538.0,0.0,1.0,0.0,0.171,2.714,6,0.07799999999999985,0.17099999999999982,0.24899999999999967
7,space,1.0,777.0,538.0,0.0,1.0,0.0,0.094,2.8859999999999997,7,0.07799999999999985,0.09399999999999986,0.1719999999999997
8,a,1.0,777.0,538.0,0.0,1.0,0.0,0.312,3.2759999999999994,8,0.07799999999999985,0.31199999999999983,0.3899999999999997
9,space,1.0,777.0,538.0,0.0,1.0,0.0,0.749,4.102999999999999,9,0.06200000000000028,0.7489999999999997,0.8269999999999995
10,t,1.0,777.0,538.0,0.0,1.0,0.0,0.655,4.819999999999999,10,0.10899999999999999,0.6550000000000002,0.7170000000000005
11,e,1.0,777.0,538.0,0.0,1.0,0.0,0.468,5.396999999999999,11,0.07800000000000029,0.46799999999999997,0.577
12,s,1.0,777.0,538.0,0.0,1.0,0.0,0.094,5.569,12,0.125,0.0940000000000003,0.1720000000000006
13,t,1.0,777.0,538.0,0.0,1.0,0.0,0.234,5.928,13,0.06200000000000028,0.23399999999999999,0.359
14,space,1.0,777.0,538.0,0.0,1.0,0.0,0.609,6.599,14,0.13999999999999968,0.609,0.6710000000000003
15,t,1.0,777.0,538.0,0.0,1.0,0.0,0.64,7.379,15,0.10899999999999999,0.6399999999999997,0.7799999999999994
16,o,1.0,777.0,538.0,0.0,1.0,0.0,0.093,7.5809999999999995,16,0.06299999999999972,0.09299999999999997,0.20199999999999996
17,space,1.0,777.0,538.0,0.0,1.0,0.0,0.156,7.799999999999999,17,0.125,0.1559999999999997,0.21899999999999942
18,s,1.0,777.0,538.0,0.0,1.0,0.0,0.093,8.017999999999999,18,0.0779999999999994,0.09299999999999997,0.21799999999999997
19,e,1.0,777.0,538.0,0.0,1.0,0.0,0.219,8.314999999999998,19,0.0779999999999994,0.21899999999999942,0.2969999999999988
20,e,1.0,777.0,538.0,0.0,1.0,0.0,0.109,8.501999999999997,20,0.06199999999999939,0.10899999999999999,0.1869999999999994
21,space,1.0,777.0,538.0,0.0,1.0,0.0,0.562,9.125999999999996,21,0.0779999999999994,0.5619999999999994,0.6239999999999988
22,i,1.0,777.0,538.0,0.0,1.0,0.0,0.437,9.640999999999995,22,0.14000000000000057,0.4369999999999994,0.5149999999999988
23,f,1.0,777.0,538.0,0.0,1.0,0.0,0.14,9.920999999999996,23,0.09399999999999942,0.14000000000000057,0.28000000000000114
24,space,1.0,777.0,538.0,0.0,1.0,0.0,0.062,10.076999999999995,24,0.0779999999999994,0.06199999999999939,0.1559999999999988
25,t,1.0,777.0,538.0,0.0,1.0,0.0,0.203,10.357999999999993,25,0.0779999999999994,0.2029999999999994,0.2809999999999988
26,h,1.0,777.0,538.0,0.0,1.0,0.0,0.156,10.591999999999993,26,0.0779999999999994,0.15600000000000058,0.23399999999999999
27,e,1.0,777.0,538.0,0.0,1.0,0.0,0.125,10.794999999999993,27,0.09399999999999942,0.125,0.2029999999999994
28,space,1.0,777.0,538.0,0.0,1.0,0.0,1.123,12.011999999999992,28,0.0779999999999994,1.1229999999999993,1.2169999999999987
29,w,1.0,777.0,538.0,0.0,1.0,0.0,0.655,12.74499999999999,29,0.09399999999999942,0.6549999999999994,0.7329999999999988
30,o,1.0,777.0,538.0,0.0,1.0,0.0,0.343,13.18199999999999,30,0.0779999999999994,0.34299999999999997,0.4369999999999994
31,r,1.0,777.0,538.0,0.0,1.0,0.0,0.249,13.50899999999999,31,0.0779999999999994,0.24900000000000055,0.32699999999999996
32,d,1.0,777.0,538.0,0.0,1.0,0.0,0.624,14.21099999999999,32,0.06300000000000061,0.6240000000000006,0.702
33,s,1.0,777.0,538.0,0.0,1.0,0.0,0.14,14.41399999999999,33,0.09399999999999942,0.14000000000000057,0.20300000000000118
34,space,1.0,777.0,538.0,0.0,1.0,0.0,0.078,14.58599999999999,34,0.0779999999999994,0.0779999999999994,0.17199999999999882
35,t,1.0,777.0,538.0,0.0,1.0,0.0,0.265,14.92899999999999,35,0.09399999999999942,0.26500000000000057,0.34299999999999997
36,h,1.0,777.0,538.0,0.0,1.0,0.0,0.14,15.16299999999999,36,0.09399999999999942,0.14000000000000057,0.23399999999999999
37,a,1.0,777.0,538.0,0.0,1.0,0.0,0.156,15.41299999999999,37,0.10899999999999999,0.15600000000000058,0.25
38,i,1.0,777.0,538.0,0.0,1.0,0.0,0.14,15.66199999999999,38,0.06300000000000061,0.14000000000000057,0.24900000000000055
39,space,1.0,777.0,538.0,0.0,1.0,0.0,0.218,15.94299999999999,39,0.0779999999999994,0.21799999999999997,0.2810000000000006
40,i,1.0,777.0,538.0,0.0,1.0,0.0,0.374,16.39499999999999,40,0.0779999999999994,0.3739999999999988,0.4519999999999982
41,space,1.0,777.0,538.0,0.0,1.0,0.0,0.172,16.64499999999999,41,0.0779999999999994,0.1720000000000006,0.25
42,t,1.0,777.0,538.0,0.0,1.0,0.0,0.218,16.94099999999999,42,0.0779999999999994,0.21799999999999997,0.2959999999999994
43,y,1.0,777.0,538.0,0.0,1.0,0.0,0.11,17.128999999999987,43,0.09299999999999997,0.10999999999999943,0.18799999999999883
44,p,1.0,777.0,538.0,0.0,1.0,0.0,0.655,17.87699999999999,44,0.0779999999999994,0.6550000000000011,0.7480000000000011
45,e,1.0,777.0,538.0,0.0,1.0,0.0,0.484,18.438999999999986,45,0.0779999999999994,0.4839999999999982,0.5619999999999976
46,space,1.0,777.0,538.0,0.0,1.0,0.0,1.061,19.577999999999985,46,0.09299999999999997,1.061,1.1389999999999993
47,a,1.0,777.0,538.0,0.0,1.0,0.0,0.437,20.107999999999986,47,0.0940000000000012,0.43700000000000117,0.5300000000000011
48,r,1.0,777.0,538.0,0.0,1.0,0.0,0.234,20.43599999999999,48,0.09299999999999997,0.23400000000000176,0.32800000000000296
49,e,1.0,777.0,538.0,0.0,1.0,0.0,0.141,20.669999999999987,49,0.062000000000001165,0.14099999999999824,0.2339999999999982
50,space,1.0,777.0,538.0,0.0,1.0,0.0,0.109,20.84099999999999,50,0.0940000000000012,0.10900000000000176,0.17100000000000293
51,u,1.0,777.0,538.0,0.0,1.0,0.0,0.421,21.35599999999999,51,0.0779999999999994,0.4209999999999994,0.5150000000000006
52,n,1.0,777.0,538.0,0.0,1.0,0.0,0.187,21.62099999999999,52,0.0940000000000012,0.18700000000000117,0.26500000000000057
53,i,1.0,777.0,538.0,0.0,1.0,0.0,0.374,22.08899999999999,53,0.0779999999999994,0.3739999999999988,0.46799999999999997
54,q,1.0,777.0,538.0,0.0,1.0,0.0,0.453,22.61999999999999,54,0.09299999999999997,0.4529999999999994,0.5309999999999988
55,u,1.0,777.0,538.0,0.0,1.0,0.0,0.281,22.99399999999999,55,0.0940000000000012,0.2809999999999988,0.3739999999999988
56,e,1.0,777.0,538.0,0.0,1.0,0.0,0.234,23.321999999999992,56,0.0779999999999994,0.23400000000000176,0.32800000000000296
57,space,1.0,777.0,538.0,0.0,1.0,0.0,0.109,23.508999999999993,57,0.062000000000001165,0.10900000000000176,0.18700000000000117
58,t,1.0,777.0,538.0,0.0,1.0,0.0,0.094,23.664999999999996,58,0.0940000000000012,0.0940000000000012,0.15600000000000236
59,o,1.0,777.0,538.0,0.0,1.0,0.0,0.187,23.945999999999998,59,0.0779999999999994,0.18700000000000117,0.28100000000000236
60,space,1.0,777.0,538.0,0.0,1.0,0.0,0.187,24.211,60,0.062000000000001165,0.18700000000000117,0.26500000000000057
61,m,1.0,777.0,538.0,0.0,1.0,0.0,0.141,24.413999999999998,61,0.0779999999999994,0.14099999999999824,0.2029999999999994
62,e,1.0,777.0,538.0,0.0,1.0,0.0,0.14,24.631999999999998,62,0.0779999999999994,0.14000000000000057,0.21799999999999997
63,.,1.0,777.0,538.0,0.0,1.0,0.0,1.279,25.988999999999997,63,0.2809999999999988,1.279,1.3569999999999993
64,space,1.0,777.0,538.0,0.0,1.0,0.0,0.094,26.363999999999997,64,0.062000000000001165,0.0940000000000012,0.375
65,t,1.0,777.0,538.0,0.0,1.0,0.0,0.25,26.676,65,0.062000000000001165,0.25,0.31200000000000117
66,h,1.0,777.0,538.0,0.0,1.0,0.0,0.156,26.894,66,0.125,0.1559999999999988,0.21799999999999997
67,e,1.0,777.0,538.0,0.0,1.0,0.0,0.062,27.081,67,0.0940000000000012,0.062000000000001165,0.18700000000000117
68,r,1.0,777.0,538.0,0.0,1.0,0.0,0.608,27.783,68,0.0940000000000012,0.6080000000000005,0.7020000000000017
69,e,1.0,777.0,538.0,0.0,1.0,0.0,0.109,27.986000000000004,69,0.0940000000000012,0.10900000000000176,0.20300000000000296
70,space,1.0,777.0,538.0,0.0,1.0,0.0,1.326,29.406000000000006,70,0.0779999999999994,1.3260000000000005,1.4200000000000017
71,a,1.0,777.0,538.0,0.0,1.0,0.0,0.671,30.155000000000005,71,0.09299999999999997,0.6709999999999994,0.7489999999999988
72,r,1.0,777.0,538.0,0.0,1.0,0.0,0.094,30.342000000000006,72,0.0779999999999994,0.0940000000000012,0.18700000000000117
73,e,1.0,777.0,538.0,0.0,1.0,0.0,0.234,30.654000000000007,73,0.062000000000001165,0.23400000000000176,0.31200000000000117
74,space,1.0,777.0,538.0,0.0,1.0,0.0,0.265,30.98100000000001,74,0.0779999999999994,0.26500000000000057,0.32700000000000173
75,t,1.0,777.0,538.0,0.0,1.0,0.0,0.234,31.29300000000001,75,0.0779999999999994,0.23400000000000176,0.31200000000000117
76,w,1.0,777.0,538.0,0.0,1.0,0.0,0.422,31.79300000000001,76,0.09299999999999997,0.4220000000000006,0.5
77,o,1.0,777.0,538.0,0.0,1.0,0.0,0.234,32.12000000000001,77,0.06300000000000239,0.23400000000000176,0.32700000000000173
78,space,1.0,777.0,538.0,0.0,1.0,0.0,0.202,32.38500000000001,78,0.07800000000000296,0.20199999999999818,0.26500000000000057
79,s,1.0,777.0,538.0,0.0,1.0,0.0,0.125,32.588000000000015,79,0.0940000000000012,0.125,0.20300000000000296
80,e,1.0,777.0,538.0,0.0,1.0,0.0,0.171,32.853000000000016,80,0.10999999999999943,0.17099999999999937,0.26500000000000057
81,n,1.0,777.0,538.0,0.0,1.0,0.0,0.156,33.119000000000014,81,0.09300000000000352,0.1559999999999988,0.26599999999999824
82,t,1.0,777.0,538.0,0.0,1.0,0.0,0.281,33.493000000000016,82,0.0940000000000012,0.2809999999999988,0.37400000000000233
83,e,1.0,777.0,538.0,0.0,1.0,0.0,0.124,33.71100000000002,83,0.10999999999999943,0.12400000000000233,0.21800000000000352
84,n,1.0,777.0,538.0,0.0,1.0,0.0,0.202,34.02300000000002,84,0.0940000000000012,0.20199999999999818,0.3119999999999976
85,c,1.0,777.0,538.0,0.0,1.0,0.0,0.312,34.429000000000016,85,0.0940000000000012,0.3119999999999976,0.4059999999999988
86,e,1.0,777.0,538.0,0.0,1.0,0.0,0.187,34.710000000000015,86,0.10900000000000176,0.1869999999999976,0.2809999999999988
87,s,1.0,777.0,538.0,0.0,1.0,0.0,0.078,34.89700000000002,87,0.10900000000000176,0.07800000000000296,0.18700000000000472
88,space,1.0,777.0,538.0,0.0,1.0,0.0,0.125,35.13100000000002,88,0.06199999999999761,0.125,0.23400000000000176
89,i,1.0,777.0,538.0,0.0,1.0,0.0,0.234,35.42700000000002,89,0.07800000000000296,0.23400000000000176,0.2959999999999994
90,n,1.0,777.0,538.0,0.0,1.0,0.0,0.234,35.739000000000026,90,0.07800000000000296,0.23400000000000176,0.3120000000000047
91,space,1.0,777.0,538.0,0.0,1.0,0.0,0.125,35.94200000000003,91,0.07800000000000296,0.125,0.20300000000000296
92,t,1.0,777.0,538.0,0.0,1.0,0.0,0.25,36.27000000000003,92,0.07800000000000296,0.25,0.32800000000000296
93,h,1.0,777.0,538.0,0.0,1.0,0.0,0.125,36.473000000000035,93,0.09300000000000352,0.125,0.20300000000000296
94,e,1.0,777.0,538.0,0.0,1.0,0.0,0.125,36.69100000000004,94,0.0940000000000012,0.125,0.21800000000000352
95,space,1.0,777.0,538.0,0.0,1.0,0.0,0.124,36.90900000000004,95,0.06300000000000239,0.12400000000000233,0.21800000000000352
96,s,1.0,777.0,538.0,0.0,1.0,0.0,0.062,37.03400000000004,96,0.14099999999999824,0.06199999999999761,0.125
97,a,1.0,777.0,538.0,0.0,1.0,0.0,0.109,37.28400000000004,97,0.10900000000000176,0.10900000000000176,0.25
98,m,1.0,777.0,538.0,0.0,1.0,0.0,0.125,37.51800000000004,98,0.09300000000000352,0.125,0.23400000000000176
99,p,1.0,777.0,538.0,0.0,1.0,0.0,0.266,37.877000000000045,99,0.06199999999999761,0.26599999999999824,0.35900000000000176
100,l,1.0,777.0,538.0,0.0,1.0,0.0,0.125,38.06400000000004,100,0.09300000000000352,0.125,0.1869999999999976
101,e,1.0,777.0,538.0,0.0,1.0,0.0,0.266,38.423000000000044,101,0.09300000000000352,0.26599999999999824,0.35900000000000176
102,space,1.0,777.0,538.0,0.0,1.0,0.0,0.078,38.59400000000005,102,0.07800000000000296,0.07800000000000296,0.17100000000000648
103,d,1.0,777.0,538.0,0.0,1.0,0.0,0.312,38.98400000000005,103,0.0940000000000012,0.3119999999999976,0.39000000000000057
104,a,1.0,777.0,538.0,0.0,1.0,0.0,0.125,39.20300000000005,104,0.10900000000000176,0.125,0.2190000000000012
105,t,1.0,777.0,538.0,0.0,1.0,0.0,0.187,39.49900000000005,105,0.07800000000000296,0.1869999999999976,0.2959999999999994
106,a,1.0,777.0,538.0,0.0,1.0,0.0,0.281,39.858000000000054,106,0.10900000000000176,0.2809999999999988,0.35900000000000176
107,.,1.0,777.0,538.0,0.0,1.0,0.0,1.31,41.27700000000006,107,0.2190000000000012,1.3100000000000023,1.419000000000004
109,backspace,1.0,1059.0,535.0,0.0,1.0,0.0,1.202,74.19400000000007,109,0.09300000000000352,1.2019999999999982,1.2800000000000011
110,i,1.0,1059.0,535.0,0.0,1.0,0.0,1.092,75.37900000000008,110,0.07800000000000296,1.0919999999999987,1.1850000000000023
111,s,1.0,1059.0,535.0,0.0,1.0,0.0,0.297,75.75400000000008,111,0.09300000000000352,0.29699999999999704,0.375
112,enter,1.0,1059.0,535.0,0.0,1.0,0.0,3.51,79.35700000000008,112,0.07800000000000296,3.510000000000005,3.6030000000000086
114,h,1.0,1059.0,535.0,0.0,1.0,0.0,0.188,95.56600000000009,114,0.07800000000000296,0.1880000000000024,0.26600000000000534
115,i,1.0,1059.0,535.0,0.0,1.0,0.0,0.265,95.90900000000009,115,0.07800000000000296,0.26500000000000057,0.3430000000000035
116,s,1.0,1059.0,535.0,0.0,1.0,0.0,0.452,96.43900000000009,116,0.10899999999999466,0.4519999999999982,0.5300000000000011
117,space,1.0,1059.0,535.0,0.0,1.0,0.0,0.11,96.65800000000009,117,0.07800000000000296,0.10999999999999943,0.2189999999999941
118,i,1.0,1059.0,535.0,0.0,1.0,0.0,1.482,98.21800000000009,118,0.07800000000000296,1.4819999999999993,1.5600000000000023
119,s,1.0,1059.0,535.0,0.0,1.0,0.0,0.296,98.5920000000001,119,0.09399999999999409,0.2960000000000065,0.37400000000000944
120,space,1.0,1059.0,535.0,0.0,1.0,0.0,0.062,98.74800000000009,120,0.07800000000000296,0.06199999999999761,0.1559999999999917
121,a,1.0,1059.0,535.0,0.0,1.0,0.0,0.094,98.92000000000009,121,0.12399999999999523,0.09399999999999409,0.17199999999999704
122,space,1.0,1059.0,535.0,0.0,1.0,0.0,0.78,99.82400000000008,122,0.07800000000000296,0.7800000000000011,0.9039999999999964
123,t,1.0,1059.0,535.0,0.0,1.0,0.0,0.64,100.54200000000009,123,0.09399999999999409,0.6400000000000006,0.7180000000000035
124,e,1.0,1059.0,535.0,0.0,1.0,0.0,0.202,100.83800000000008,124,0.06300000000000239,0.20199999999999818,0.29599999999999227
125,s,1.0,1059.0,535.0,0.0,1.0,0.0,0.203,101.10400000000008,125,0.09300000000000352,0.20300000000000296,0.26600000000000534
126,t,1.0,1059.0,535.0,0.0,1.0,0.0,0.312,101.50900000000009,126,0.07800000000000296,0.3119999999999976,0.40500000000000114
127,space,1.0,1059.0,535.0,0.0,1.0,0.0,1.576,103.16300000000008,127,0.06199999999999761,1.5759999999999934,1.6539999999999964
128,t,1.0,1059.0,535.0,0.0,1.0,0.0,0.78,104.00500000000008,128,0.09399999999999409,0.7800000000000011,0.8419999999999987
129,o,1.0,1059.0,535.0,0.0,1.0,0.0,0.156,104.25500000000008,129,0.07800000000000296,0.1560000000000059,0.25
130,space,1.0,1059.0,535.0,0.0,1.0,0.0,0.203,104.53600000000009,130,0.07800000000000296,0.20300000000000296,0.2810000000000059
131,s,1.0,1059.0,535.0,0.0,1.0,0.0,0.062,104.67600000000009,131,0.09399999999999409,0.06199999999999761,0.14000000000000057
132,e,1.0,1059.0,535.0,0.0,1.0,0.0,0.358,105.12800000000009,132,0.07800000000000296,0.3580000000000041,0.4519999999999982
133,e,1.0,1059.0,535.0,0.0,1.0,0.0,0.094,105.30000000000008,133,0.09399999999999409,0.09399999999999409,0.17199999999999704
134,space,1.0,1059.0,535.0,0.0,1.0,0.0,0.67,106.06400000000008,134,0.07800000000000296,0.6700000000000017,0.7639999999999958
135,i,1.0,1059.0,535.0,0.0,1.0,0.0,0.266,106.40800000000009,135,0.07800000000000296,0.26600000000000534,0.3440000000000083
136,f,1.0,1059.0,535.0,0.0,1.0,0.0,0.374,106.86000000000008,136,0.10899999999999466,0.3739999999999952,0.4519999999999982
137,space,1.0,1059.0,535.0,0.0,1.0,0.0,0.125,107.09400000000008,137,0.10899999999999466,0.125,0.23399999999999466
138,t,1.0,1059.0,535.0,0.0,1.0,0.0,0.156,107.35900000000008,138,0.07800000000000296,0.1560000000000059,0.26500000000000057
139,h,1.0,1059.0,535.0,0.0,1.0,0.0,0.141,107.57800000000009,139,0.10899999999999466,0.14100000000000534,0.2190000000000083
140,e,1.0,1059.0,535.0,0.0,1.0,0.0,0.093,107.78000000000009,140,0.09399999999999409,0.09300000000000352,0.20199999999999818
141,space,1.0,1059.0,535.0,0.0,1.0,0.0,0.624,108.49800000000008,141,0.07800000000000296,0.6239999999999952,0.7179999999999893
142,w,1.0,1059.0,535.0,0.0,1.0,0.0,0.562,109.13800000000008,142,0.06199999999999761,0.5619999999999976,0.6400000000000006
143,o,1.0,1059.0,535.0,0.0,1.0,0.0,0.172,109.37200000000007,143,0.07800000000000296,0.17199999999999704,0.23399999999999466
144,r,1.0,1059.0,535.0,0.0,1.0,0.0,0.296,109.74600000000008,144,0.07800000000000296,0.2960000000000065,0.37400000000000944
145,d,1.0,1059.0,535.0,0.0,1.0,0.0,0.25,110.07400000000008,145,0.10899999999999466,0.25,0.32800000000000296
146,s,1.0,1059.0,535.0,0.0,1.0,0.0,0.125,110.30800000000008,146,0.10899999999999466,0.125,0.23399999999999466
147,space,1.0,1059.0,535.0,0.0,1.0,0.0,0.109,110.52600000000007,147,0.09399999999999409,0.10899999999999466,0.2179999999999893
148,t,1.0,1059.0,535.0,0.0,1.0,0.0,1.716,112.33600000000006,148,0.07800000000000296,1.715999999999994,1.809999999999988
149,h,1.0,1059.0,535.0,0.0,1.0,0.0,0.156,112.57000000000006,149,0.09300000000000352,0.1560000000000059,0.23400000000000887
150,a,1.0,1059.0,535.0,0.0,1.0,0.0,0.125,112.78800000000007,150,0.10899999999999466,0.125,0.21800000000000352
151,t,1.0,1059.0,535.0,0.0,1.0,0.0,1.201,114.09800000000006,151,0.1880000000000024,1.2009999999999934,1.309999999999988
152,space,1.0,1059.0,535.0,0.0,1.0,0.0,0.109,114.39500000000005,152,0.07800000000000296,0.10899999999999466,0.29699999999999704
153,i,1.0,1059.0,535.0,0.0,1.0,0.0,0.078,114.55100000000006,153,0.07800000000000296,0.07800000000000296,0.1560000000000059
154,space,1.0,1059.0,535.0,0.0,1.0,0.0,0.171,114.80000000000007,154,0.09399999999999409,0.17100000000000648,0.24900000000000944
155,t,1.0,1059.0,535.0,0.0,1.0,0.0,0.25,115.14400000000006,155,0.10899999999999466,0.25,0.3439999999999941
156,y,1.0,1059.0,535.0,0.0,1.0,0.0,0.078,115.33100000000006,156,0.07800000000000296,0.07800000000000296,0.1869999999999976
157,p,1.0,1059.0,535.0,0.0,1.0,0.0,0.515,115.92400000000006,157,0.07800000000000296,0.5150000000000006,0.5930000000000035
158,e,1.0,1059.0,535.0,0.0,1.0,0.0,0.28,116.28200000000007,158,0.10999999999999943,0.28000000000000114,0.3580000000000041
159,space,1.0,1059.0,535.0,0.0,1.0,0.0,0.53,116.92200000000007,159,0.09399999999999409,0.5300000000000011,0.6400000000000006
160,a,1.0,1059.0,535.0,0.0,1.0,0.0,0.483,117.49900000000007,160,0.09399999999999409,0.4830000000000041,0.5769999999999982
161,r,1.0,1059.0,535.0,0.0,1.0,0.0,0.187,117.78000000000006,161,0.09399999999999409,0.1869999999999976,0.2809999999999917
162,e,1.0,1059.0,535.0,0.0,1.0,0.0,0.124,117.99800000000005,162,0.10999999999999943,0.12399999999999523,0.2179999999999893
163,space,1.0,1059.0,535.0,0.0,1.0,0.0,0.14,118.24800000000005,163,0.06199999999999761,0.14000000000000057,0.25
164,u,1.0,1059.0,535.0,0.0,1.0,0.0,0.359,118.66900000000004,164,0.07800000000000296,0.35899999999999466,0.42099999999999227
165,n,1.0,1059.0,535.0,0.0,1.0,0.0,0.219,118.96600000000004,165,0.07800000000000296,0.2189999999999941,0.29699999999999704
166,i,1.0,1059.0,535.0,0.0,1.0,0.0,0.249,119.29300000000003,166,0.07800000000000296,0.24899999999999523,0.3269999999999982
167,q,1.0,1059.0,535.0,0.0,1.0,0.0,0.562,119.93300000000004,167,0.09300000000000352,0.5619999999999976,0.6400000000000006
168,u,1.0,1059.0,535.0,0.0,1.0,0.0,0.64,120.66600000000004,168,0.07800000000000296,0.6400000000000006,0.7330000000000041
169,e,1.0,1059.0,535.0,0.0,1.0,0.0,0.25,120.99400000000004,169,0.14000000000000057,0.25,0.32800000000000296
170,space,1.0,1059.0,535.0,0.0,1.0,0.0,0.062,121.19600000000004,170,0.125,0.06199999999999761,0.20199999999999818
171,t,1.0,1059.0,535.0,0.0,1.0,0.0,0.749,122.07000000000004,171,0.10899999999999466,0.7489999999999952,0.8739999999999952
172,o,1.0,1059.0,535.0,0.0,1.0,0.0,0.468,122.64700000000003,172,0.06300000000000239,0.4680000000000035,0.5769999999999982
173,space,1.0,1059.0,535.0,0.0,1.0,0.0,0.234,122.94400000000003,173,0.06199999999999761,0.23399999999999466,0.29699999999999704
174,m,1.0,1059.0,535.0,0.0,1.0,0.0,0.312,123.31800000000003,174,0.07800000000000296,0.3119999999999976,0.3739999999999952
175,e,1.0,1059.0,535.0,0.0,1.0,0.0,0.359,123.75500000000002,175,0.07800000000000296,0.35899999999999466,0.4369999999999976
176,.,1.0,1059.0,535.0,0.0,1.0,0.0,0.327,124.16000000000003,176,0.06300000000000239,0.3269999999999982,0.40500000000000114
177,t,1.0,1059.0,535.0,0.0,1.0,0.0,1.56,125.78300000000003,177,0.07800000000000296,1.5600000000000023,1.6230000000000047
178,h,1.0,1059.0,535.0,0.0,1.0,0.0,0.171,126.03200000000004,178,0.07800000000000296,0.17100000000000648,0.24900000000000944
179,e,1.0,1059.0,535.0,0.0,1.0,0.0,0.188,126.29800000000004,179,0.09300000000000352,0.1880000000000024,0.26600000000000534
180,r,1.0,1059.0,535.0,0.0,1.0,0.0,0.078,126.46900000000005,180,0.10899999999999466,0.07800000000000296,0.17100000000000648
181,e,1.0,1059.0,535.0,0.0,1.0,0.0,0.094,126.67200000000004,181,0.07800000000000296,0.09399999999999409,0.20299999999998875
182,space,1.0,1059.0,535.0,0.0,1.0,0.0,0.078,126.82800000000005,182,0.09399999999999409,0.07800000000000296,0.1560000000000059
183,a,1.0,1059.0,535.0,0.0,1.0,0.0,0.171,127.09300000000005,183,0.125,0.17100000000000648,0.26500000000000057
184,r,1.0,1059.0,535.0,0.0,1.0,0.0,0.14,127.35800000000005,184,0.07800000000000296,0.14000000000000057,0.26500000000000057
185,e,1.0,1059.0,535.0,0.0,1.0,0.0,0.078,127.51400000000005,185,0.09399999999999409,0.07800000000000296,0.1560000000000059
186,space,1.0,1059.0,535.0,0.0,1.0,0.0,0.156,127.76400000000005,186,0.07800000000000296,0.1560000000000059,0.25
187,t,1.0,1059.0,535.0,0.0,1.0,0.0,1.466,129.30800000000005,187,0.3439999999999941,1.465999999999994,1.543999999999997
188,w,1.0,1059.0,535.0,0.0,1.0,0.0,0.514,130.16600000000005,188,0.11000000000001364,0.51400000000001,0.8580000000000041
189,o,1.0,1059.0,535.0,0.0,1.0,0.0,0.093,130.36900000000006,189,0.10900000000000887,0.09299999999998931,0.20300000000000296
190,space,1.0,1059.0,535.0,0.0,1.0,0.0,0.156,130.63400000000007,190,0.09399999999999409,0.1560000000000059,0.2650000000000148
191,s,1.0,1059.0,535.0,0.0,1.0,0.0,0.125,130.85300000000007,191,0.125,0.125,0.2189999999999941
192,e,1.0,1059.0,535.0,0.0,1.0,0.0,0.14,131.11800000000005,192,0.09399999999999409,0.13999999999998636,0.26499999999998636
193,n,1.0,1059.0,535.0,0.0,1.0,0.0,0.374,131.58600000000004,193,0.09399999999999409,0.3739999999999952,0.4679999999999893
194,t,1.0,1059.0,535.0,0.0,1.0,0.0,0.421,132.10100000000003,194,0.07800000000000296,0.42099999999999227,0.5149999999999864
195,e,1.0,1059.0,535.0,0.0,1.0,0.0,0.156,132.33500000000004,195,0.125,0.1560000000000059,0.23400000000000887
196,n,1.0,1059.0,535.0,0.0,1.0,0.0,0.249,132.70900000000003,196,0.09399999999999409,0.24899999999999523,0.3739999999999952
197,c,1.0,1059.0,535.0,0.0,1.0,0.0,0.265,133.068,197,0.07800000000000296,0.26499999999998636,0.35899999999998045
198,e,1.0,1059.0,535.0,0.0,1.0,0.0,0.156,133.30200000000002,198,0.07800000000000296,0.1560000000000059,0.23400000000000887
199,s,1.0,1059.0,535.0,0.0,1.0,0.0,0.14,133.52,199,0.125,0.13999999999998636,0.2179999999999893
200,space,1.0,1059.0,535.0,0.0,1.0,0.0,0.141,133.786,200,0.07800000000000296,0.14099999999999113,0.26599999999999113
201,y,1.0,1059.0,535.0,0.0,1.0,0.0,1.029,134.893,201,0.06299999999998818,1.0289999999999964,1.1069999999999993
202,backspace,1.0,1059.0,535.0,0.0,1.0,0.0,0.67,135.62599999999998,202,0.07800000000000296,0.6699999999999875,0.7329999999999757
203,i,1.0,1059.0,535.0,0.0,1.0,0.0,0.874,136.57799999999997,203,0.07800000000000296,0.8739999999999952,0.9519999999999982
204,n,1.0,1059.0,535.0,0.0,1.0,0.0,0.203,136.85899999999998,204,0.06200000000001182,0.20300000000000296,0.2810000000000059
205,space,1.0,1059.0,535.0,0.0,1.0,0.0,0.141,137.06199999999998,205,0.07800000000000296,0.14099999999999113,0.20300000000000296
206,t,1.0,1059.0,535.0,0.0,1.0,0.0,0.343,137.48299999999998,206,0.07800000000000296,0.3429999999999893,0.42099999999999227
207,h,1.0,1059.0,535.0,0.0,1.0,0.0,1.295,138.85599999999997,207,0.1560000000000059,1.2949999999999875,1.3729999999999905
208,i,1.0,1059.0,535.0,0.0,1.0,0.0,0.78,139.79199999999997,208,0.07800000000000296,0.7800000000000011,0.936000000000007
209,s,1.0,1059.0,535.0,0.0,1.0,0.0,0.327,140.19699999999997,209,0.10900000000000887,0.3269999999999982,0.40500000000000114
210,space,1.0,1059.0,535.0,0.0,1.0,0.0,0.063,140.36899999999997,210,0.07800000000000296,0.06299999999998818,0.17199999999999704
211,d,1.0,1059.0,535.0,0.0,1.0,0.0,0.827,141.27399999999997,211,0.09299999999998931,0.8269999999999982,0.9050000000000011
212,a,1.0,1059.0,535.0,0.0,1.0,0.0,0.109,141.47599999999997,212,0.125,0.10900000000000887,0.20199999999999818
213,t,1.0,1059.0,535.0,0.0,1.0,0.0,0.265,141.86599999999996,213,0.09399999999999409,0.26499999999998636,0.38999999999998636
214,a,1.0,1059.0,535.0,0.0,1.0,0.0,0.062,142.02199999999996,214,0.11000000000001364,0.06200000000001182,0.1560000000000059
215,space,1.0,1059.0,535.0,0.0,1.0,0.0,0.124,142.25599999999997,215,0.06299999999998818,0.12399999999999523,0.23400000000000887
216,s,1.0,1059.0,535.0,0.0,1.0,0.0,0.109,142.42799999999997,216,0.09399999999999409,0.10900000000000887,0.17199999999999704
217,a,1.0,1059.0,535.0,0.0,1.0,0.0,0.124,142.64599999999996,217,0.07800000000000296,0.12399999999999523,0.2179999999999893
218,m,1.0,1059.0,535.0,0.0,1.0,0.0,0.234,142.95799999999997,218,0.07800000000000296,0.23400000000000887,0.3120000000000118
219,p,1.0,1059.0,535.0,0.0,1.0,0.0,0.203,143.23899999999998,219,0.07800000000000296,0.20300000000000296,0.2810000000000059
220,l,1.0,1059.0,535.0,0.0,1.0,0.0,0.109,143.426,220,0.09399999999999409,0.10900000000000887,0.18700000000001182
221,e,1.0,1059.0,535.0,0.0,1.0,0.0,0.218,143.73799999999997,221,0.09399999999999409,0.2179999999999893,0.3119999999999834
222,.,1.0,1059.0,535.0,0.0,1.0,0.0,0.265,144.09699999999995,222,0.07800000000000296,0.26499999999998636,0.35899999999998045
224,h,1.0,810.0,577.0,0.0,1.0,0.0,0.156,176.732,224,0.07800000000000296,0.1560000000000059,0.23400000000000887
225,i,1.0,810.0,577.0,0.0,1.0,0.0,0.281,177.091,225,0.06299999999998818,0.2810000000000059,0.35900000000000887
226,s,1.0,810.0,577.0,0.0,1.0,0.0,0.296,177.45,226,0.10900000000000887,0.29599999999999227,0.35899999999998045
227,space,1.0,810.0,577.0,0.0,1.0,0.0,0.453,178.012,227,0.07800000000000296,0.45300000000000296,0.5620000000000118
228,i,1.0,810.0,577.0,0.0,1.0,0.0,0.858,178.948,228,0.17099999999999227,0.8580000000000041,0.936000000000007
229,s,1.0,810.0,577.0,0.0,1.0,0.0,0.125,179.244,229,0.07800000000000296,0.125,0.29599999999999227
230,space,1.0,810.0,577.0,0.0,1.0,0.0,0.078,179.4,230,0.06299999999998818,0.07800000000000296,0.1560000000000059
231,a,1.0,810.0,577.0,0.0,1.0,0.0,0.078,179.541,231,0.12399999999999523,0.07800000000000296,0.14099999999999113
232,space,1.0,810.0,577.0,0.0,1.0,0.0,1.155,180.82,232,0.07800000000000296,1.1550000000000011,1.2789999999999964
233,t,1.0,810.0,577.0,0.0,1.0,0.0,1.217,182.115,233,0.12399999999999523,1.217000000000013,1.295000000000016
234,e,1.0,810.0,577.0,0.0,1.0,0.0,0.968,183.207,234,0.07800000000000296,0.9679999999999893,1.0919999999999845
235,s,1.0,810.0,577.0,0.0,1.0,0.0,0.093,183.378,235,0.10900000000000887,0.09299999999998931,0.17099999999999227
236,t,1.0,810.0,577.0,0.0,1.0,0.0,0.188,183.67499999999998,236,0.07800000000000296,0.18799999999998818,0.29699999999999704
237,space,1.0,810.0,577.0,0.0,1.0,0.0,0.514,184.267,237,0.07800000000000296,0.51400000000001,0.592000000000013
238,t,1.0,810.0,577.0,0.0,1.0,0.0,0.983,185.328,238,0.07800000000000296,0.9830000000000041,1.061000000000007
239,o,1.0,810.0,577.0,0.0,1.0,0.0,0.203,185.609,239,0.07800000000000296,0.20300000000000296,0.2810000000000059
240,space,1.0,810.0,577.0,0.0,1.0,0.0,0.187,185.87400000000002,240,0.07800000000000296,0.18700000000001182,0.2650000000000148
241,s,1.0,810.0,577.0,0.0,1.0,0.0,0.078,186.03000000000003,241,0.10900000000000887,0.07800000000000296,0.1560000000000059
242,e,1.0,810.0,577.0,0.0,1.0,0.0,0.281,186.42000000000004,242,0.07800000000000296,0.2810000000000059,0.3900000000000148
243,e,1.0,810.0,577.0,0.0,1.0,0.0,0.078,186.57600000000005,243,0.07800000000000296,0.07800000000000296,0.1560000000000059
244,space,1.0,810.0,577.0,0.0,1.0,0.0,0.312,186.96600000000007,244,0.07800000000000296,0.3120000000000118,0.3900000000000148
245,i,1.0,810.0,577.0,0.0,1.0,0.0,0.468,187.51200000000006,245,0.07800000000000296,0.4679999999999893,0.5459999999999923
246,f,1.0,810.0,577.0,0.0,1.0,0.0,0.297,187.88700000000006,246,0.07800000000000296,0.29699999999999704,0.375
247,space,1.0,810.0,577.0,0.0,1.0,0.0,0.078,188.04300000000006,247,0.06200000000001182,0.07800000000000296,0.1560000000000059
248,t,1.0,810.0,577.0,0.0,1.0,0.0,0.203,188.30800000000008,248,0.09299999999998931,0.20300000000000296,0.2650000000000148
249,h,1.0,810.0,577.0,0.0,1.0,0.0,3.542,191.94300000000007,249,0.07800000000000296,3.5420000000000016,3.634999999999991
250,e,1.0,810.0,577.0,0.0,1.0,0.0,0.218,192.23900000000006,250,0.09399999999999409,0.2179999999999893,0.29599999999999227
251,space,1.0,810.0,577.0,0.0,1.0,0.0,0.093,192.42600000000004,251,0.07800000000000296,0.09299999999998931,0.1869999999999834
252,w,1.0,810.0,577.0,0.0,1.0,0.0,0.125,192.62900000000005,252,0.09399999999999409,0.125,0.20300000000000296
253,o,1.0,810.0,577.0,0.0,1.0,0.0,0.171,192.89400000000003,253,0.07800000000000296,0.17099999999999227,0.26499999999998636
254,r,1.0,810.0,577.0,0.0,1.0,0.0,0.312,193.28400000000005,254,0.06299999999998818,0.3120000000000118,0.3900000000000148
255,d,1.0,810.0,577.0,0.0,1.0,0.0,0.265,193.61200000000002,255,0.07800000000000296,0.26499999999998636,0.32799999999997453
256,a,1.0,810.0,577.0,0.0,1.0,0.0,0.218,193.90800000000002,256,0.10900000000000887,0.2179999999999893,0.29599999999999227
257,space,1.0,810.0,577.0,0.0,1.0,0.0,0.078,194.09500000000003,257,0.06299999999998818,0.07800000000000296,0.18700000000001182
258,t,1.0,810.0,577.0,0.0,1.0,0.0,0.218,194.376,258,0.09399999999999409,0.2179999999999893,0.2809999999999775
259,h,1.0,810.0,577.0,0.0,1.0,0.0,0.171,194.641,259,0.09399999999999409,0.17099999999999227,0.26499999999998636
260,a,1.0,810.0,577.0,0.0,1.0,0.0,0.109,194.844,260,0.10900000000000887,0.10900000000000887,0.20300000000000296
261,t,1.0,810.0,577.0,0.0,1.0,0.0,0.702,195.655,261,0.09399999999999409,0.7019999999999982,0.811000000000007
262,space,1.0,810.0,577.0,0.0,1.0,0.0,0.608,196.357,262,0.07800000000000296,0.6080000000000041,0.7019999999999982
263,i,1.0,810.0,577.0,0.0,1.0,0.0,0.687,197.122,263,0.07800000000000296,0.6870000000000118,0.7650000000000148
264,space,1.0,810.0,577.0,0.0,1.0,0.0,0.265,197.465,264,0.07800000000000296,0.26499999999998636,0.3429999999999893
265,t,1.0,810.0,577.0,0.0,1.0,0.0,0.78,198.323,265,0.07800000000000296,0.7800000000000011,0.8580000000000041
266,y,1.0,810.0,577.0,0.0,1.0,0.0,0.125,198.526,266,0.06200000000001182,0.125,0.20300000000000296
267,p,1.0,810.0,577.0,0.0,1.0,0.0,0.874,199.46200000000002,267,0.07800000000000296,0.8739999999999952,0.936000000000007
268,e,1.0,810.0,577.0,0.0,1.0,0.0,0.468,200.008,268,0.07800000000000296,0.4679999999999893,0.5459999999999923
269,space,1.0,810.0,577.0,0.0,1.0,0.0,0.374,200.46,269,0.07800000000000296,0.3739999999999952,0.4519999999999982
270,a,1.0,810.0,577.0,0.0,1.0,0.0,0.484,201.02200000000002,270,0.09299999999998931,0.48400000000000887,0.5620000000000118
271,r,1.0,810.0,577.0,0.0,1.0,0.0,0.359,201.47400000000002,271,0.09399999999999409,0.35900000000000887,0.4519999999999982
272,e,1.0,810.0,577.0,0.0,1.0,0.0,0.078,201.64600000000002,272,0.09299999999998931,0.07800000000000296,0.17199999999999704
273,space,1.0,810.0,577.0,0.0,1.0,0.0,0.11,201.84900000000002,273,0.07800000000000296,0.11000000000001364,0.20300000000000296
274,u,1.0,810.0,577.0,0.0,1.0,0.0,1.388,203.31500000000003,274,0.3739999999999952,1.3880000000000052,1.4660000000000082
275,n,1.0,810.0,577.0,0.0,1.0,0.0,0.094,203.78300000000002,275,0.07800000000000296,0.09399999999999409,0.4679999999999893
276,i,1.0,810.0,577.0,0.0,1.0,0.0,0.218,204.079,276,0.07800000000000296,0.2179999999999893,0.29599999999999227
277,q,1.0,810.0,577.0,0.0,1.0,0.0,0.578,204.735,277,0.09299999999998931,0.578000000000003,0.6560000000000059
278,u,1.0,810.0,577.0,0.0,1.0,0.0,0.219,205.047,278,0.07800000000000296,0.2189999999999941,0.3119999999999834
279,e,1.0,810.0,577.0,0.0,1.0,0.0,0.265,205.39,279,0.10900000000000887,0.26499999999998636,0.3429999999999893
280,space,1.0,810.0,577.0,0.0,1.0,0.0,0.078,205.577,280,0.06200000000001182,0.07800000000000296,0.18700000000001182
281,t,1.0,810.0,577.0,0.0,1.0,0.0,0.796,206.435,281,0.10900000000000887,0.7959999999999923,0.8580000000000041
282,o,1.0,810.0,577.0,0.0,1.0,0.0,0.749,207.293,282,0.09399999999999409,0.7489999999999952,0.8580000000000041
283,space,1.0,810.0,577.0,0.0,1.0,0.0,0.171,207.558,283,0.07800000000000296,0.17099999999999227,0.26499999999998636
284,m,1.0,810.0,577.0,0.0,1.0,0.0,0.109,207.745,284,0.09399999999999409,0.10900000000000887,0.18700000000001182
285,e,1.0,810.0,577.0,0.0,1.0,0.0,0.203,208.042,285,0.09299999999998931,0.20300000000000296,0.29699999999999704
286,.,1.0,810.0,577.0,0.0,1.0,0.0,0.437,208.572,286,0.07800000000000296,0.4370000000000118,0.5300000000000011
287,space,1.0,810.0,577.0,0.0,1.0,0.0,0.484,209.13400000000001,287,0.06200000000001182,0.48400000000000887,0.5620000000000118
288,t,1.0,810.0,577.0,0.0,1.0,0.0,0.843,210.03900000000002,288,0.07800000000000296,0.8429999999999893,0.9050000000000011
289,h,1.0,810.0,577.0,0.0,1.0,0.0,0.124,210.241,289,0.09399999999999409,0.12399999999999523,0.20199999999999818
290,e,1.0,810.0,577.0,0.0,1.0,0.0,0.203,210.538,290,0.10900000000000887,0.20300000000000296,0.29699999999999704
291,r,1.0,810.0,577.0,0.0,1.0,0.0,0.109,210.75600000000003,291,0.07800000000000296,0.10900000000000887,0.21800000000001774
292,e,1.0,810.0,577.0,0.0,1.0,0.0,0.094,210.92800000000003,292,0.046999999999997044,0.09399999999999409,0.17199999999999704
293,space,1.0,810.0,577.0,0.0,1.0,0.0,0.14,211.115,293,0.09399999999999409,0.13999999999998636,0.1869999999999834
294,a,1.0,810.0,577.0,0.0,1.0,0.0,0.67,211.879,294,0.125,0.6699999999999875,0.7639999999999816
295,r,1.0,810.0,577.0,0.0,1.0,0.0,0.219,212.22299999999998,295,0.07800000000000296,0.2189999999999941,0.3439999999999941
296,e,1.0,810.0,577.0,0.0,1.0,0.0,0.109,212.41,296,0.09299999999998931,0.10900000000000887,0.18700000000001182
297,space,1.0,810.0,577.0,0.0,1.0,0.0,0.125,212.628,297,0.07800000000000296,0.125,0.2179999999999893
298,t,1.0,810.0,577.0,0.0,1.0,0.0,0.562,213.268,298,0.10900000000000887,0.5620000000000118,0.6400000000000148
299,w,1.0,810.0,577.0,0.0,1.0,0.0,0.296,213.673,299,0.09399999999999409,0.29599999999999227,0.40500000000000114
300,o,1.0,810.0,577.0,0.0,1.0,0.0,0.78,214.547,300,0.07800000000000296,0.7800000000000011,0.8739999999999952
301,space,1.0,810.0,577.0,0.0,1.0,0.0,0.25,214.875,301,0.07800000000000296,0.25,0.32800000000000296
302,s,1.0,810.0,577.0,0.0,1.0,0.0,0.374,215.327,302,0.09399999999999409,0.3739999999999952,0.4519999999999982
303,e,1.0,810.0,577.0,0.0,1.0,0.0,0.218,215.63899999999998,303,0.07800000000000296,0.2179999999999893,0.3119999999999834
304,n,1.0,810.0,577.0,0.0,1.0,0.0,0.218,215.93499999999997,304,0.09399999999999409,0.2179999999999893,0.29599999999999227
305,t,1.0,810.0,577.0,0.0,1.0,0.0,0.328,216.35699999999997,305,0.06200000000001182,0.32800000000000296,0.42199999999999704
306,e,1.0,810.0,577.0,0.0,1.0,0.0,0.14,216.55899999999997,306,0.07800000000000296,0.13999999999998636,0.20199999999999818
307,n,1.0,810.0,577.0,0.0,1.0,0.0,0.78,217.41699999999997,307,0.09399999999999409,0.7800000000000011,0.8580000000000041
308,c,1.0,810.0,577.0,0.0,1.0,0.0,0.234,217.74499999999998,308,0.09399999999999409,0.23400000000000887,0.32800000000000296
309,e,1.0,810.0,577.0,0.0,1.0,0.0,0.14,217.97899999999996,309,0.10900000000000887,0.13999999999998636,0.23399999999998045
310,s,1.0,810.0,577.0,0.0,1.0,0.0,0.109,218.19699999999997,310,0.07800000000000296,0.10900000000000887,0.21800000000001774
311,space,1.0,810.0,577.0,0.0,1.0,0.0,0.063,218.33799999999997,311,0.07800000000000296,0.06299999999998818,0.14099999999999113
312,i,1.0,810.0,577.0,0.0,1.0,0.0,0.593,219.00899999999996,312,0.09299999999998931,0.5929999999999893,0.6709999999999923
313,n,1.0,810.0,577.0,0.0,1.0,0.0,0.375,219.47699999999995,313,0.06200000000001182,0.375,0.4679999999999893
314,space,1.0,810.0,577.0,0.0,1.0,0.0,0.094,219.63299999999995,314,0.12399999999999523,0.09399999999999409,0.1560000000000059
315,t,1.0,810.0,577.0,0.0,1.0,0.0,0.281,220.03799999999995,315,0.07800000000000296,0.2810000000000059,0.40500000000000114
316,h,1.0,810.0,577.0,0.0,1.0,0.0,0.125,220.24099999999996,316,0.09399999999999409,0.125,0.20300000000000296
317,i,1.0,810.0,577.0,0.0,1.0,0.0,0.405,220.73999999999995,317,0.07800000000000296,0.40500000000000114,0.4989999999999952
318,s,1.0,810.0,577.0,0.0,1.0,0.0,0.297,221.11499999999995,318,0.06200000000001182,0.29699999999999704,0.375
319,space,1.0,810.0,577.0,0.0,1.0,0.0,0.062,221.23899999999998,319,0.07800000000000296,0.06200000000001182,0.12400000000002365
320,d,1.0,810.0,577.0,0.0,1.0,0.0,1.763,223.07999999999998,320,0.09399999999999409,1.7630000000000052,1.8410000000000082
321,a,1.0,810.0,577.0,0.0,1.0,0.0,0.062,223.236,321,0.14099999999999113,0.06200000000001182,0.1560000000000059
322,t,1.0,810.0,577.0,0.0,1.0,0.0,0.499,223.87599999999998,322,0.07800000000000296,0.4989999999999952,0.6399999999999864
323,a,1.0,810.0,577.0,0.0,1.0,0.0,0.078,224.03199999999998,323,0.125,0.07800000000000296,0.1560000000000059
324,space,1.0,810.0,577.0,0.0,1.0,0.0,0.109,224.266,324,0.09299999999998931,0.10900000000000887,0.23400000000000887
325,s,1.0,810.0,577.0,0.0,1.0,0.0,0.11,224.469,325,0.09299999999998931,0.11000000000001364,0.20300000000000296
326,a,1.0,810.0,577.0,0.0,1.0,0.0,0.141,224.70299999999997,326,0.12399999999999523,0.14099999999999113,0.23399999999998045
327,m,1.0,810.0,577.0,0.0,1.0,0.0,0.078,224.90499999999997,327,0.09399999999999409,0.07800000000000296,0.20199999999999818
328,p,1.0,810.0,577.0,0.0,1.0,0.0,0.187,225.18599999999998,328,0.09399999999999409,0.18700000000001182,0.2810000000000059
329,l,1.0,810.0,577.0,0.0,1.0,0.0,0.078,225.35799999999998,329,0.09299999999998931,0.07800000000000296,0.17199999999999704
330,e,1.0,810.0,577.0,0.0,1.0,0.0,0.141,225.59199999999996,330,0.09299999999998931,0.14099999999999113,0.23399999999998045
331,.,1.0,810.0,577.0,0.0,1.0,0.0,0.437,226.12199999999996,331,0.07800000000000296,0.4370000000000118,0.5300000000000011
332,backspace,1.0,687.0,541.0,0.0,1.0,0.0,0.718,232.8149999999999,332,0.09299999999998931,6.614999999999952,6.692999999999955
333,s,1.0,687.0,541.0,0.0,1.0,0.0,0.499,233.4069999999999,333,0.046999999999997044,0.4989999999999952,0.5919999999999845
334,t,1.0,813.0,569.0,0.0,1.0,0.0,2.137,251.56599999999992,334,0.09299999999998931,18.112000000000023,18.15900000000002
335,h,1.0,813.0,569.0,0.0,1.0,0.0,0.125,251.7839999999999,335,0.07800000000000296,0.125,0.2179999999999893
336,i,1.0,813.0,569.0,0.0,1.0,0.0,0.234,252.09599999999992,336,0.07800000000000296,0.23400000000000887,0.3120000000000118
337,s,1.0,813.0,569.0,0.0,1.0,0.0,0.156,252.32999999999993,337,0.125,0.1560000000000059,0.23400000000000887
338,space,1.0,813.0,569.0,0.0,1.0,0.0,0.078,252.53299999999993,338,0.07800000000000296,0.07800000000000296,0.20300000000000296
339,i,1.0,813.0,569.0,0.0,1.0,0.0,1.061,253.67199999999994,339,0.09299999999998931,1.061000000000007,1.13900000000001
340,s,1.0,813.0,569.0,0.0,1.0,0.0,0.172,253.93699999999993,340,0.125,0.17199999999999704,0.26499999999998636
341,space,1.0,813.0,569.0,0.0,1.0,0.0,0.078,254.13999999999993,341,0.06200000000001182,0.07800000000000296,0.20300000000000296
342,a,1.0,813.0,569.0,0.0,1.0,0.0,0.141,254.34299999999993,342,0.09299999999998931,0.14099999999999113,0.20300000000000296
343,space,1.0,813.0,569.0,0.0,1.0,0.0,0.671,255.1069999999999,343,0.09399999999999409,0.6709999999999923,0.7639999999999816
344,t,1.0,813.0,569.0,0.0,1.0,0.0,0.405,255.6059999999999,344,0.07800000000000296,0.40500000000000114,0.4989999999999952
345,e,1.0,813.0,569.0,0.0,1.0,0.0,0.109,255.79299999999992,345,0.09399999999999409,0.10900000000000887,0.18700000000001182
346,s,1.0,813.0,569.0,0.0,1.0,0.0,0.187,256.0739999999999,346,0.09399999999999409,0.1869999999999834,0.2809999999999775
347,t,1.0,813.0,569.0,0.0,1.0,0.0,0.125,256.2929999999999,347,0.06200000000001182,0.125,0.2189999999999941
348,space,1.0,813.0,569.0,0.0,1.0,0.0,0.203,256.5579999999999,348,0.06200000000001182,0.20299999999997453,0.26499999999998636
349,t,1.0,813.0,569.0,0.0,1.0,0.0,1.716,258.3359999999999,349,0.2189999999999941,1.7160000000000082,1.77800000000002
350,o,1.0,813.0,569.0,0.0,1.0,0.0,0.078,258.63299999999987,350,0.09300000000001774,0.07799999999997453,0.2969999999999686
351,space,1.0,813.0,569.0,0.0,1.0,0.0,0.109,258.83499999999987,351,0.07799999999997453,0.10899999999998045,0.20199999999999818
352,s,1.0,813.0,569.0,0.0,1.0,0.0,0.125,259.03799999999984,352,0.10899999999998045,0.125,0.20299999999997453
353,e,1.0,813.0,569.0,0.0,1.0,0.0,0.266,259.41299999999984,353,0.07799999999997453,0.26600000000001955,0.375
354,e,1.0,813.0,569.0,0.0,1.0,0.0,0.093,259.58399999999983,354,0.07799999999997453,0.09300000000001774,0.17099999999999227
355,space,1.0,813.0,569.0,0.0,1.0,0.0,0.499,260.16099999999983,355,0.07799999999997453,0.49900000000002365,0.5769999999999982
356,i,1.0,813.0,569.0,0.0,1.0,0.0,0.328,260.5669999999998,356,0.07799999999997453,0.32799999999997453,0.40599999999994907
357,f,1.0,813.0,569.0,0.0,1.0,0.0,1.076,261.7209999999998,357,0.11000000000001364,1.0760000000000218,1.1539999999999964
358,space,1.0,813.0,569.0,0.0,1.0,0.0,0.062,261.8929999999998,358,0.09399999999999409,0.06200000000001182,0.17200000000002547
359,t,1.0,813.0,569.0,0.0,1.0,0.0,0.218,262.2049999999998,359,0.07799999999997453,0.21800000000001774,0.3120000000000118
360,h,1.0,813.0,569.0,0.0,1.0,0.0,0.125,262.4079999999998,360,0.07799999999997453,0.125,0.20299999999997453
361,e,1.0,813.0,569.0,0.0,1.0,0.0,0.062,262.5479999999998,361,0.09399999999999409,0.06200000000001182,0.13999999999998636
362,space,1.0,813.0,569.0,0.0,1.0,0.0,0.078,262.71999999999974,362,0.07799999999997453,0.07799999999997453,0.17199999999996862
363,w,1.0,813.0,569.0,0.0,1.0,0.0,0.109,262.9069999999997,363,0.09399999999999409,0.10899999999998045,0.18699999999995498
364,o,1.0,813.0,569.0,0.0,1.0,0.0,0.124,263.1249999999997,364,0.07799999999997453,0.12400000000002365,0.21800000000001774
365,r,1.0,813.0,569.0,0.0,1.0,0.0,0.25,263.4529999999997,365,0.09399999999999409,0.25,0.32799999999997453
366,d,1.0,813.0,569.0,0.0,1.0,0.0,0.452,263.9989999999997,366,0.07799999999997453,0.4519999999999982,0.5459999999999923
367,s,1.0,813.0,569.0,0.0,1.0,0.0,0.125,264.20199999999966,367,0.09300000000001774,0.125,0.20299999999997453
368,space,1.0,813.0,569.0,0.0,1.0,0.0,0.094,264.38899999999967,368,0.07799999999997453,0.09399999999999409,0.18700000000001182
369,t,1.0,813.0,569.0,0.0,1.0,0.0,0.874,265.34099999999967,369,0.09300000000001774,0.8740000000000236,0.9519999999999982
370,h,1.0,813.0,569.0,0.0,1.0,0.0,0.593,266.0269999999997,370,0.09399999999999409,0.5930000000000177,0.6860000000000355
371,a,1.0,813.0,569.0,0.0,1.0,0.0,0.078,266.19899999999967,371,0.1560000000000059,0.07799999999997453,0.17199999999996862
372,t,1.0,813.0,569.0,0.0,1.0,0.0,0.187,266.5419999999997,372,0.07799999999997453,0.18700000000001182,0.34300000000001774
373,space,1.0,813.0,569.0,0.0,1.0,0.0,0.171,266.79099999999966,373,0.07799999999997453,0.17099999999999227,0.2489999999999668
374,i,1.0,813.0,569.0,0.0,1.0,0.0,0.234,267.1029999999996,374,0.07799999999997453,0.23399999999998045,0.311999999999955
375,space,1.0,813.0,569.0,0.0,1.0,0.0,0.156,267.3369999999996,375,0.07799999999997453,0.1560000000000059,0.23399999999998045
376,t,1.0,813.0,569.0,0.0,1.0,0.0,0.344,267.75899999999956,376,0.06200000000001182,0.3439999999999941,0.4219999999999686
377,y,1.0,813.0,569.0,0.0,1.0,0.0,0.109,267.92999999999955,377,0.09399999999999409,0.10899999999998045,0.17099999999999227
378,p,1.0,813.0,569.0,0.0,1.0,0.0,0.546,268.56999999999954,378,0.09300000000001774,0.5459999999999923,0.6399999999999864
379,e,1.0,813.0,569.0,0.0,1.0,0.0,0.172,268.8349999999996,379,0.06200000000001182,0.17200000000002547,0.2650000000000432
380,space,1.0,813.0,569.0,0.0,1.0,0.0,0.11,269.0069999999996,380,0.07799999999997453,0.11000000000001364,0.17200000000002547
381,a,1.0,813.0,569.0,0.0,1.0,0.0,0.296,269.3809999999996,381,0.10899999999998045,0.29599999999999227,0.3739999999999668
382,r,1.0,813.0,569.0,0.0,1.0,0.0,0.187,269.67699999999957,382,0.125,0.18700000000001182,0.29599999999999227
383,e,1.0,813.0,569.0,0.0,1.0,0.0,0.063,269.86499999999955,383,0.07799999999997453,0.06299999999998818,0.18799999999998818
384,space,1.0,813.0,569.0,0.0,1.0,0.0,0.109,270.0519999999995,384,0.07799999999997453,0.10899999999998045,0.18699999999995498
385,u,1.0,813.0,569.0,0.0,1.0,0.0,0.265,270.39499999999947,385,0.07799999999997453,0.26499999999998636,0.3429999999999609
386,n,1.0,813.0,569.0,0.0,1.0,0.0,0.203,270.6759999999994,386,0.07799999999997453,0.20299999999997453,0.28099999999994907
387,i,1.0,813.0,569.0,0.0,1.0,0.0,0.203,270.95699999999937,387,0.07799999999997453,0.20299999999997453,0.28099999999994907
388,q,1.0,813.0,569.0,0.0,1.0,0.0,0.982,272.01699999999937,388,0.07799999999997453,0.9820000000000277,1.0600000000000023
389,u,1.0,813.0,569.0,0.0,1.0,0.0,0.25,272.34499999999935,389,0.1560000000000059,0.25,0.32799999999997453
390,e,1.0,813.0,569.0,0.0,1.0,0.0,0.14,272.64099999999934,390,0.11000000000001364,0.13999999999998636,0.29599999999999227
391,space,1.0,813.0,569.0,0.0,1.0,0.0,0.14,272.89099999999934,391,0.1560000000000059,0.13999999999998636,0.25
392,t,1.0,813.0,569.0,0.0,1.0,0.0,0.14,273.18699999999933,392,0.125,0.13999999999998636,0.29599999999999227
393,o,1.0,813.0,569.0,0.0,1.0,0.0,0.141,273.45299999999935,393,0.12400000000002365,0.14100000000001955,0.26600000000001955
394,space,1.0,813.0,569.0,0.0,1.0,0.0,0.203,273.77999999999935,394,0.10899999999998045,0.20299999999997453,0.3269999999999982
395,m,1.0,813.0,569.0,0.0,1.0,0.0,0.125,274.0139999999993,395,0.06299999999998818,0.125,0.23399999999998045
396,e,1.0,813.0,569.0,0.0,1.0,0.0,0.249,274.32599999999934,396,0.1560000000000059,0.24900000000002365,0.3120000000000118
397,.,1.0,813.0,569.0,0.0,1.0,0.0,1.467,275.94899999999933,397,0.37400000000002365,1.4669999999999845,1.6229999999999905
398,space,1.0,813.0,569.0,0.0,1.0,0.0,0.172,276.4949999999994,398,0.09300000000001774,0.17200000000002547,0.5460000000000491
399,t,1.0,813.0,569.0,0.0,1.0,0.0,0.078,276.66599999999937,399,0.06299999999998818,0.07799999999997453,0.17099999999999227
400,h,1.0,813.0,569.0,0.0,1.0,0.0,0.124,276.8529999999994,400,0.09399999999999409,0.12400000000002365,0.18700000000001182
401,e,1.0,813.0,569.0,0.0,1.0,0.0,0.109,277.05599999999936,401,0.09399999999999409,0.10899999999998045,0.20299999999997453
402,r,1.0,813.0,569.0,0.0,1.0,0.0,0.125,277.27499999999935,402,0.10899999999998045,0.125,0.2189999999999941
403,e,1.0,813.0,569.0,0.0,1.0,0.0,0.125,277.50899999999933,403,0.06200000000001182,0.125,0.23399999999998045
404,space,1.0,813.0,569.0,0.0,1.0,0.0,0.094,277.66499999999934,404,0.09300000000001774,0.09399999999999409,0.1560000000000059
405,a,1.0,813.0,569.0,0.0,1.0,0.0,3.853,281.61099999999936,405,0.09399999999999409,3.8530000000000086,3.9460000000000264
406,r,1.0,813.0,569.0,0.0,1.0,0.0,0.593,282.2979999999994,406,0.09300000000001774,0.5930000000000177,0.6870000000000118
407,e,1.0,813.0,569.0,0.0,1.0,0.0,0.063,282.4539999999994,407,0.125,0.06299999999998818,0.1560000000000059
408,space,1.0,813.0,569.0,0.0,1.0,0.0,0.062,282.6409999999994,408,0.09399999999999409,0.06200000000001182,0.18700000000001182
409,t,1.0,813.0,569.0,0.0,1.0,0.0,0.218,282.9529999999994,409,0.06200000000001182,0.21800000000001774,0.3120000000000118
410,w,1.0,813.0,569.0,0.0,1.0,0.0,0.312,283.32699999999943,410,0.09399999999999409,0.3120000000000118,0.37400000000002365
411,o,1.0,813.0,569.0,0.0,1.0,0.0,0.203,283.6239999999994,411,0.07799999999997453,0.20299999999997453,0.2969999999999686
412,space,1.0,813.0,569.0,0.0,1.0,0.0,0.203,283.90499999999935,412,0.09300000000001774,0.20299999999997453,0.28099999999994907
413,s,1.0,813.0,569.0,0.0,1.0,0.0,0.593,284.5909999999994,413,0.09399999999999409,0.5930000000000177,0.6860000000000355
414,e,1.0,813.0,569.0,0.0,1.0,0.0,0.14,284.82499999999936,414,0.10899999999998045,0.13999999999998636,0.23399999999998045
415,n,1.0,813.0,569.0,0.0,1.0,0.0,0.343,285.27699999999936,415,0.07799999999997453,0.34300000000001774,0.4519999999999982
416,t,1.0,813.0,569.0,0.0,1.0,0.0,0.328,285.6829999999993,416,0.07799999999997453,0.32799999999997453,0.40599999999994907
417,e,1.0,813.0,569.0,0.0,1.0,0.0,0.109,285.86999999999927,417,0.09399999999999409,0.10899999999998045,0.18699999999995498
418,n,1.0,813.0,569.0,0.0,1.0,0.0,0.39,286.35399999999925,418,0.09300000000001774,0.38999999999998636,0.48399999999998045
419,c,1.0,813.0,569.0,0.0,1.0,0.0,0.219,286.66599999999926,419,0.09300000000001774,0.2189999999999941,0.3120000000000118
420,e,1.0,813.0,569.0,0.0,1.0,0.0,0.172,286.9309999999993,420,0.07799999999997453,0.17200000000002547,0.2650000000000432
421,s,1.0,813.0,569.0,0.0,1.0,0.0,0.109,287.11799999999926,421,0.125,0.10899999999998045,0.18699999999995498
422,space,1.0,813.0,569.0,0.0,1.0,0.0,0.078,287.32099999999923,422,0.09399999999999409,0.07799999999997453,0.20299999999997453
423,i,1.0,813.0,569.0,0.0,1.0,0.0,0.967,288.3819999999992,423,0.07799999999997453,0.9669999999999845,1.0609999999999786
424,n,1.0,813.0,569.0,0.0,1.0,0.0,0.187,288.6469999999992,424,0.06200000000001182,0.18700000000001182,0.26499999999998636
425,space,1.0,813.0,569.0,0.0,1.0,0.0,0.094,288.8029999999992,425,0.09399999999999409,0.09399999999999409,0.1560000000000059
426,t,1.0,813.0,569.0,0.0,1.0,0.0,0.218,289.1149999999992,426,0.07799999999997453,0.21800000000001774,0.3120000000000118
427,h,1.0,813.0,569.0,0.0,1.0,0.0,0.109,289.30199999999917,427,0.09399999999999409,0.10899999999998045,0.18699999999995498
428,i,1.0,813.0,569.0,0.0,1.0,0.0,0.733,290.12899999999917,428,0.09399999999999409,0.7330000000000041,0.8269999999999982
429,s,1.0,813.0,569.0,0.0,1.0,0.0,0.343,290.5659999999992,429,0.10899999999998045,0.34300000000001774,0.4370000000000118
430,space,1.0,813.0,569.0,0.0,1.0,0.0,0.062,290.73699999999917,430,0.06299999999998818,0.06200000000001182,0.17099999999999227
431,d,1.0,813.0,569.0,0.0,1.0,0.0,0.265,291.06499999999915,431,0.09399999999999409,0.26499999999998636,0.32799999999997453
432,a,1.0,813.0,569.0,0.0,1.0,0.0,0.062,291.22099999999915,432,0.10899999999998045,0.06200000000001182,0.1560000000000059
433,t,1.0,813.0,569.0,0.0,1.0,0.0,0.063,291.3929999999991,433,0.06200000000001182,0.06299999999998818,0.17199999999996862
434,space,1.0,813.0,569.0,0.0,1.0,0.0,0.328,291.7829999999991,434,0.07799999999997453,0.32799999999997453,0.38999999999998636
435,s,1.0,813.0,569.0,0.0,1.0,0.0,1.763,293.62399999999906,435,0.13999999999998636,1.7629999999999768,1.8409999999999513
436,a,1.0,813.0,569.0,0.0,1.0,0.0,0.109,293.872999999999,436,0.06299999999998818,0.10899999999998045,0.2489999999999668
437,m,1.0,813.0,569.0,0.0,1.0,0.0,0.171,294.106999999999,437,0.07799999999997453,0.17099999999999227,0.23399999999998045
438,p,1.0,813.0,569.0,0.0,1.0,0.0,0.187,294.371999999999,438,0.07799999999997453,0.18700000000001182,0.26499999999998636
439,l,1.0,813.0,569.0,0.0,1.0,0.0,0.11,294.559999999999,439,0.07799999999997453,0.11000000000001364,0.18799999999998818
440,e,1.0,813.0,569.0,0.0,1.0,0.0,0.468,295.10599999999897,440,0.09300000000001774,0.46800000000001774,0.5459999999999923
441,.,1.0,813.0,569.0,0.0,1.0,0.0,0.141,295.339999999999,441,0.07799999999997453,0.14100000000001955,0.2340000000000373
442,a,1.0,1082.0,536.0,0.0,1.0,0.0,1.139,307.17999999999904,442,0.09399999999999409,11.762000000000057,11.840000000000032
443,t,1.0,817.0,563.0,0.0,1.0,0.0,1.638,311.781999999999,443,0.13999999999998636,4.507999999999981,4.601999999999975
444,h,1.0,817.0,563.0,0.0,1.0,0.0,0.078,311.999999999999,444,0.07799999999997453,0.07799999999997453,0.2179999999999609
445,i,1.0,817.0,563.0,0.0,1.0,0.0,0.312,312.38999999999896,445,0.06299999999998818,0.3120000000000118,0.38999999999998636
446,s,1.0,817.0,563.0,0.0,1.0,0.0,0.203,312.6559999999989,446,0.07799999999997453,0.20299999999997453,0.2659999999999627
447,space,1.0,817.0,563.0,0.0,1.0,0.0,0.062,312.7959999999989,447,0.06200000000001182,0.06200000000001182,0.13999999999998636
448,i,1.0,817.0,563.0,0.0,1.0,0.0,0.468,313.32599999999894,448,0.07799999999997453,0.46800000000001774,0.5300000000000296
449,s,1.0,817.0,563.0,0.0,1.0,0.0,0.234,313.6379999999989,449,0.07799999999997453,0.23399999999998045,0.311999999999955
450,space,1.0,817.0,563.0,0.0,1.0,0.0,0.094,313.80999999999887,450,0.07799999999997453,0.09399999999999409,0.17199999999996862
451,a,1.0,817.0,563.0,0.0,1.0,0.0,0.172,314.05999999999887,451,0.07799999999997453,0.17200000000002547,0.25
452,t,1.0,817.0,563.0,0.0,1.0,0.0,0.452,314.58999999999884,452,0.07799999999997453,0.4519999999999982,0.5299999999999727
453,e,1.0,817.0,563.0,0.0,1.0,0.0,0.109,314.7769999999988,453,0.10899999999998045,0.10899999999998045,0.18699999999995498
454,s,1.0,817.0,563.0,0.0,1.0,0.0,0.188,315.07399999999876,454,0.10899999999998045,0.18799999999998818,0.2969999999999686
455,t,1.0,817.0,563.0,0.0,1.0,0.0,0.296,315.47899999999873,455,0.09399999999999409,0.29599999999999227,0.4049999999999727
456,space,1.0,817.0,563.0,0.0,1.0,0.0,0.561,316.1339999999987,456,0.06299999999998818,0.5609999999999786,0.6549999999999727
457,t,1.0,817.0,563.0,0.0,1.0,0.0,0.499,316.6959999999987,457,0.06200000000001182,0.49900000000002365,0.5620000000000118
458,o,1.0,817.0,563.0,0.0,1.0,0.0,0.188,316.9459999999987,458,0.09300000000001774,0.18799999999998818,0.25
459,space,1.0,817.0,563.0,0.0,1.0,0.0,0.141,317.17999999999876,459,0.09300000000001774,0.14100000000001955,0.2340000000000373
460,s,1.0,817.0,563.0,0.0,1.0,0.0,0.078,317.35099999999875,460,0.10899999999998045,0.07799999999997453,0.17099999999999227
461,e,1.0,817.0,563.0,0.0,1.0,0.0,0.219,317.6789999999987,461,0.07799999999997453,0.2189999999999941,0.32799999999997453
462,e,1.0,817.0,563.0,0.0,1.0,0.0,0.093,317.8499999999987,462,0.07799999999997453,0.09300000000001774,0.17099999999999227
463,space,1.0,817.0,563.0,0.0,1.0,0.0,0.172,318.0999999999987,463,0.06200000000001182,0.17200000000002547,0.25
464,i,1.0,817.0,563.0,0.0,1.0,0.0,0.515,318.6769999999987,464,0.07799999999997453,0.5149999999999864,0.5769999999999982
465,f,1.0,817.0,563.0,0.0,1.0,0.0,0.328,319.08299999999866,465,0.10899999999998045,0.32799999999997453,0.40599999999994907
466,space,1.0,817.0,563.0,0.0,1.0,0.0,0.062,319.25399999999865,466,0.06299999999998818,0.06200000000001182,0.17099999999999227
467,t,1.0,817.0,563.0,0.0,1.0,0.0,0.187,319.50399999999865,467,0.07799999999997453,0.18700000000001182,0.25
468,h,1.0,817.0,563.0,0.0,1.0,0.0,0.109,319.6909999999986,468,0.09399999999999409,0.10899999999998045,0.18699999999995498
469,e,1.0,817.0,563.0,0.0,1.0,0.0,0.125,319.9099999999986,469,0.09300000000001774,0.125,0.2189999999999941
470,space,1.0,817.0,563.0,0.0,1.0,0.0,0.141,320.14399999999864,470,0.07799999999997453,0.14100000000001955,0.2340000000000373
471,w,1.0,817.0,563.0,0.0,1.0,0.0,0.452,320.6739999999986,471,0.09399999999999409,0.4519999999999982,0.5299999999999727
472,o,1.0,817.0,563.0,0.0,1.0,0.0,0.312,321.0799999999986,472,0.09300000000001774,0.3120000000000118,0.4060000000000059
473,r,1.0,817.0,563.0,0.0,1.0,0.0,0.515,321.6879999999986,473,0.07799999999997453,0.5149999999999864,0.6080000000000041
474,d,1.0,817.0,563.0,0.0,1.0,0.0,0.484,322.2499999999986,474,0.09300000000001774,0.48399999999998045,0.561999999999955
475,s,1.0,817.0,563.0,0.0,1.0,0.0,0.187,322.5299999999986,475,0.11000000000001364,0.18700000000001182,0.28000000000002956
476,space,1.0,817.0,563.0,0.0,1.0,0.0,0.109,322.7489999999986,476,0.047000000000025466,0.10899999999998045,0.2189999999999941
477,t,1.0,817.0,563.0,0.0,1.0,0.0,0.234,323.0299999999986,477,0.07799999999997453,0.23399999999998045,0.2810000000000059
478,h,1.0,817.0,563.0,0.0,1.0,0.0,0.109,323.21699999999856,478,0.09300000000001774,0.10899999999998045,0.18699999999995498
479,a,1.0,817.0,563.0,0.0,1.0,0.0,0.063,323.37299999999857,479,0.125,0.06299999999998818,0.1560000000000059
480,t,1.0,817.0,563.0,0.0,1.0,0.0,2.402,325.89999999999856,480,0.06200000000001182,2.401999999999987,2.526999999999987
481,space,1.0,817.0,563.0,0.0,1.0,0.0,0.188,326.14999999999856,481,0.07799999999997453,0.18799999999998818,0.25
482,i,1.0,817.0,563.0,0.0,1.0,0.0,0.234,326.4619999999985,482,0.06200000000001182,0.23399999999998045,0.311999999999955
483,space,1.0,817.0,563.0,0.0,1.0,0.0,0.234,326.7579999999985,483,0.07799999999997453,0.23399999999998045,0.29599999999999227
484,t,1.0,817.0,563.0,0.0,1.0,0.0,0.328,327.16399999999845,484,0.07799999999997453,0.32799999999997453,0.40599999999994907
485,y,1.0,817.0,563.0,0.0,1.0,0.0,0.156,327.39799999999843,485,0.07799999999997453,0.1560000000000059,0.23399999999998045
486,p,1.0,817.0,563.0,0.0,1.0,0.0,1.232,328.70799999999844,486,0.07799999999997453,1.2320000000000277,1.3100000000000023
487,e,1.0,817.0,563.0,0.0,1.0,0.0,0.234,329.0199999999984,487,0.09399999999999409,0.23399999999998045,0.311999999999955
488,space,1.0,817.0,563.0,0.0,1.0,0.0,0.156,329.2699999999984,488,0.06200000000001182,0.1560000000000059,0.25
489,a,1.0,817.0,563.0,0.0,1.0,0.0,0.125,329.4569999999984,489,0.10899999999998045,0.125,0.18700000000001182
490,r,1.0,817.0,563.0,0.0,1.0,0.0,0.14,329.70599999999837,490,0.11000000000001364,0.13999999999998636,0.2489999999999668
491,e,1.0,817.0,563.0,0.0,1.0,0.0,0.093,329.9089999999984,491,0.10899999999998045,0.09300000000001774,0.20300000000003138
492,space,1.0,817.0,563.0,0.0,1.0,0.0,0.078,330.09599999999836,492,0.1560000000000059,0.07799999999997453,0.18699999999995498
493,u,1.0,817.0,563.0,0.0,1.0,0.0,0.172,330.4239999999984,493,0.07799999999997453,0.17200000000002547,0.3280000000000314
494,n,1.0,817.0,563.0,0.0,1.0,0.0,0.187,330.6889999999984,494,0.09399999999999409,0.18700000000001182,0.26499999999998636
495,i,1.0,817.0,563.0,0.0,1.0,0.0,0.187,330.9699999999984,495,0.09399999999999409,0.18700000000001182,0.2810000000000059
496,q,1.0,817.0,563.0,0.0,1.0,0.0,0.561,331.62499999999835,496,0.07799999999997453,0.5609999999999786,0.6549999999999727
497,u,1.0,817.0,563.0,0.0,1.0,0.0,0.546,332.2489999999983,497,0.07799999999997453,0.5459999999999923,0.6239999999999668
498,e,1.0,817.0,563.0,0.0,1.0,0.0,0.125,332.4519999999983,498,0.09399999999999409,0.125,0.20299999999997453
499,space,1.0,817.0,563.0,0.0,1.0,0.0,0.109,332.65499999999827,499,0.07799999999997453,0.10899999999998045,0.20299999999997453
500,t,1.0,817.0,563.0,0.0,1.0,0.0,1.154,333.88699999999824,500,0.09399999999999409,1.1539999999999964,1.231999999999971
501,o,1.0,817.0,563.0,0.0,1.0,0.0,0.281,334.26199999999824,501,0.06200000000001182,0.2810000000000059,0.375
502,space,1.0,817.0,563.0,0.0,1.0,0.0,0.172,334.4959999999983,502,0.09300000000001774,0.17200000000002547,0.2340000000000373
503,m,1.0,817.0,563.0,0.0,1.0,0.0,0.109,334.6979999999983,503,0.07799999999997453,0.10899999999998045,0.20199999999999818
504,e,1.0,817.0,563.0,0.0,1.0,0.0,0.141,334.91699999999827,504,0.09300000000001774,0.14100000000001955,0.2189999999999941
505,.,1.0,817.0,563.0,0.0,1.0,0.0,0.453,335.46299999999826,505,0.07799999999997453,0.45299999999997453,0.5459999999999923
506,space,1.0,817.0,563.0,0.0,1.0,0.0,0.452,335.99299999999823,506,0.07799999999997453,0.4519999999999982,0.5299999999999727
507,t,1.0,817.0,563.0,0.0,1.0,0.0,0.406,336.4769999999982,507,0.06200000000001182,0.4060000000000059,0.48399999999998045
508,h,1.0,817.0,563.0,0.0,1.0,0.0,0.141,336.67999999999824,508,0.09300000000001774,0.14100000000001955,0.20300000000003138
509,e,1.0,817.0,563.0,0.0,1.0,0.0,0.172,336.9449999999983,509,0.10899999999998045,0.17200000000002547,0.2650000000000432
510,r,1.0,817.0,563.0,0.0,1.0,0.0,0.078,337.13199999999824,510,0.1560000000000059,0.07799999999997453,0.18699999999995498
511,e,1.0,817.0,563.0,0.0,1.0,0.0,0.094,337.38199999999824,511,0.06200000000001182,0.09399999999999409,0.25
512,space,1.0,817.0,563.0,0.0,1.0,0.0,0.406,337.84999999999826,512,0.06200000000001182,0.4060000000000059,0.46800000000001774
513,a,1.0,817.0,563.0,0.0,1.0,0.0,0.499,338.4109999999983,513,0.06299999999998818,0.49900000000002365,0.5610000000000355
514,r,1.0,817.0,563.0,0.0,1.0,0.0,0.265,338.73899999999827,514,0.07799999999997453,0.26499999999998636,0.32799999999997453
515,e,1.0,817.0,563.0,0.0,1.0,0.0,0.125,338.94199999999825,515,0.06200000000001182,0.125,0.20299999999997453
516,space,1.0,817.0,563.0,0.0,1.0,0.0,0.109,339.11299999999824,516,0.07799999999997453,0.10899999999998045,0.17099999999999227
517,t,1.0,817.0,563.0,0.0,1.0,0.0,1.404,340.5949999999982,517,0.07799999999997453,1.4039999999999964,1.481999999999971
518,w,1.0,817.0,563.0,0.0,1.0,0.0,0.749,341.4219999999982,518,0.09399999999999409,0.7490000000000236,0.8269999999999982
519,o,1.0,817.0,563.0,0.0,1.0,0.0,0.312,341.8279999999982,519,0.07799999999997453,0.3120000000000118,0.4060000000000059
520,space,1.0,817.0,563.0,0.0,1.0,0.0,0.202,342.1079999999982,520,0.06299999999998818,0.20199999999999818,0.2799999999999727
521,s,1.0,817.0,563.0,0.0,1.0,0.0,0.951,343.1219999999982,521,0.07799999999997453,0.9510000000000218,1.01400000000001
522,e,1.0,817.0,563.0,0.0,1.0,0.0,0.141,343.3409999999982,522,0.10899999999998045,0.14100000000001955,0.2189999999999941
523,n,1.0,817.0,563.0,0.0,1.0,0.0,0.281,343.7309999999982,523,0.07799999999997453,0.2810000000000059,0.38999999999998636
524,t,1.0,817.0,563.0,0.0,1.0,0.0,0.296,344.10499999999814,524,0.09399999999999409,0.29599999999999227,0.3739999999999668
525,e,1.0,817.0,563.0,0.0,1.0,0.0,0.125,344.32399999999814,525,0.10899999999998045,0.125,0.2189999999999941
526,n,1.0,817.0,563.0,0.0,1.0,0.0,0.156,344.5889999999981,526,0.09300000000001774,0.1560000000000059,0.26499999999998636
527,c,1.0,817.0,563.0,0.0,1.0,0.0,0.25,344.93199999999814,527,0.06200000000001182,0.25,0.34300000000001774
528,e,1.0,817.0,563.0,0.0,1.0,0.0,0.188,345.18199999999814,528,0.07799999999997453,0.18799999999998818,0.25
529,s,1.0,817.0,563.0,0.0,1.0,0.0,0.171,345.4309999999981,529,0.10899999999998045,0.17099999999999227,0.2489999999999668
530,space,1.0,817.0,563.0,0.0,1.0,0.0,0.141,345.6809999999981,530,0.07799999999997453,0.14100000000001955,0.25
531,i,1.0,817.0,563.0,0.0,1.0,0.0,1.263,347.02199999999806,531,0.09399999999999409,1.2629999999999768,1.3409999999999513
532,n,1.0,817.0,563.0,0.0,1.0,0.0,0.25,347.36599999999805,532,0.12400000000002365,0.25,0.3439999999999941
533,space,1.0,817.0,563.0,0.0,1.0,0.0,0.063,347.55299999999806,533,0.07799999999997453,0.06299999999998818,0.18700000000001182
534,t,1.0,817.0,563.0,0.0,1.0,0.0,0.827,348.45799999999804,534,0.09300000000001774,0.8269999999999982,0.9049999999999727
535,h,1.0,817.0,563.0,0.0,1.0,0.0,0.109,348.65999999999804,535,0.09399999999999409,0.10899999999998045,0.20199999999999818
536,i,1.0,817.0,563.0,0.0,1.0,0.0,0.359,349.112999999998,536,0.09300000000001774,0.35899999999998045,0.45299999999997453
537,s,1.0,817.0,563.0,0.0,1.0,0.0,0.344,349.549999999998,537,0.07799999999997453,0.3439999999999941,0.4370000000000118
538,space,1.0,817.0,563.0,0.0,1.0,0.0,0.062,349.689999999998,538,0.07799999999997453,0.06200000000001182,0.13999999999998636
539,d,1.0,817.0,563.0,0.0,1.0,0.0,0.265,350.03299999999797,539,0.09399999999999409,0.26499999999998636,0.3429999999999609
540,a,1.0,817.0,563.0,0.0,1.0,0.0,0.093,350.219999999998,540,0.06299999999998818,0.09300000000001774,0.18700000000001182
541,t,1.0,817.0,563.0,0.0,1.0,0.0,0.14,350.42299999999796,541,0.09399999999999409,0.13999999999998636,0.20299999999997453
542,a,1.0,817.0,563.0,0.0,1.0,0.0,0.062,350.57899999999796,542,0.09399999999999409,0.06200000000001182,0.1560000000000059
543,space,1.0,817.0,563.0,0.0,1.0,0.0,0.14,350.81299999999794,543,0.14100000000001955,0.13999999999998636,0.23399999999998045
544,s,1.0,817.0,563.0,0.0,1.0,0.0,0.062,351.015999999998,544,0.09399999999999409,0.06200000000001182,0.20300000000003138
545,a,1.0,817.0,563.0,0.0,1.0,0.0,0.234,351.34399999999795,545,0.09300000000001774,0.23399999999998045,0.32799999999997453
546,m,1.0,817.0,563.0,0.0,1.0,0.0,0.109,351.54599999999795,546,0.09399999999999409,0.10899999999998045,0.20199999999999818
547,p,1.0,817.0,563.0,0.0,1.0,0.0,0.218,351.85799999999796,547,0.06299999999998818,0.21800000000001774,0.3120000000000118
548,l,1.0,817.0,563.0,0.0,1.0,0.0,0.109,352.0299999999979,548,0.07799999999997453,0.10899999999998045,0.17199999999996862
549,e,1.0,817.0,563.0,0.0,1.0,0.0,0.265,352.3729999999979,549,0.18700000000001182,0.26499999999998636,0.3429999999999609
550,.,1.0,817.0,563.0,0.0,1.0,0.0,0.281,352.8409999999979,550,0.09399999999999409,0.2810000000000059,0.46800000000001774
551,space,1.0,630.0,541.0,0.0,1.0,0.0,0.281,357.536999999998,551,0.17099999999999227,4.602000000000089,4.696000000000083
552,t,1.0,710.0,622.0,0.0,1.0,0.0,0.905,366.693999999998,552,0.17200000000002547,8.986000000000047,9.157000000000039
553,h,1.0,710.0,622.0,0.0,1.0,0.0,0.124,366.9899999999981,553,0.07799999999997453,0.12400000000002365,0.2960000000000491
554,i,1.0,710.0,622.0,0.0,1.0,0.0,0.25,367.31799999999805,554,0.06200000000001182,0.25,0.32799999999997453
555,s,1.0,710.0,622.0,0.0,1.0,0.0,0.172,367.5519999999981,555,0.10899999999998045,0.17200000000002547,0.2340000000000373
556,space,1.0,710.0,622.0,0.0,1.0,0.0,0.078,367.73899999999804,556,0.06299999999998818,0.07799999999997453,0.18699999999995498
557,i,1.0,710.0,622.0,0.0,1.0,0.0,0.343,368.14499999999805,557,0.125,0.34300000000001774,0.4060000000000059
558,s,1.0,710.0,622.0,0.0,1.0,0.0,0.39,368.65999999999804,558,0.10899999999998045,0.38999999999998636,0.5149999999999864
559,space,1.0,710.0,622.0,0.0,1.0,0.0,0.078,368.846999999998,559,0.09300000000001774,0.07799999999997453,0.18699999999995498
560,a,1.0,710.0,622.0,0.0,1.0,0.0,0.078,369.017999999998,560,0.11000000000001364,0.07799999999997453,0.17099999999999227
561,t,1.0,710.0,622.0,0.0,1.0,0.0,0.249,369.376999999998,561,0.07799999999997453,0.24900000000002365,0.3590000000000373
562,e,1.0,710.0,622.0,0.0,1.0,0.0,0.234,369.688999999998,562,0.07799999999997453,0.23399999999998045,0.311999999999955
563,s,1.0,710.0,622.0,0.0,1.0,0.0,0.187,369.95399999999796,563,0.09399999999999409,0.18700000000001182,0.26499999999998636
564,t,1.0,710.0,622.0,0.0,1.0,0.0,0.172,370.219999999998,564,0.06200000000001182,0.17200000000002547,0.26600000000001955
565,space,1.0,710.0,622.0,0.0,1.0,0.0,0.187,370.468999999998,565,0.07799999999997453,0.18700000000001182,0.24900000000002365
566,t,1.0,710.0,622.0,0.0,1.0,0.0,0.156,370.702999999998,566,0.125,0.1560000000000059,0.23399999999998045
567,o,1.0,710.0,622.0,0.0,1.0,0.0,0.109,370.93699999999797,567,0.06299999999998818,0.10899999999998045,0.23399999999998045
568,space,1.0,710.0,622.0,0.0,1.0,0.0,0.14,371.13999999999794,568,0.07799999999997453,0.13999999999998636,0.20299999999997453
569,s,1.0,710.0,622.0,0.0,1.0,0.0,0.234,371.4519999999979,569,0.07799999999997453,0.23399999999998045,0.311999999999955
570,e,1.0,710.0,622.0,0.0,1.0,0.0,0.281,371.8109999999979,570,0.09300000000001774,0.2810000000000059,0.35899999999998045
571,e,1.0,710.0,622.0,0.0,1.0,0.0,0.094,371.9979999999979,571,0.07799999999997453,0.09399999999999409,0.18700000000001182
572,space,1.0,710.0,622.0,0.0,1.0,0.0,0.125,372.20099999999786,572,0.09300000000001774,0.125,0.20299999999997453
573,i,1.0,710.0,622.0,0.0,1.0,0.0,1.748,374.04199999999787,573,0.07799999999997453,1.7479999999999905,1.8410000000000082
574,f,1.0,710.0,622.0,0.0,1.0,0.0,0.234,374.3539999999978,574,0.09300000000001774,0.23399999999998045,0.311999999999955
575,space,1.0,710.0,622.0,0.0,1.0,0.0,0.047,374.49399999999787,575,0.06200000000001182,0.047000000000025466,0.1400000000000432
576,t,1.0,710.0,622.0,0.0,1.0,0.0,1.482,376.0379999999979,576,0.07799999999997453,1.4820000000000277,1.5440000000000396
577,h,1.0,710.0,622.0,0.0,1.0,0.0,0.125,376.2409999999979,577,0.09399999999999409,0.125,0.20299999999997453
578,e,1.0,710.0,622.0,0.0,1.0,0.0,0.14,376.47499999999786,578,0.09399999999999409,0.13999999999998636,0.23399999999998045
579,space,1.0,710.0,622.0,0.0,1.0,0.0,0.078,376.64699999999783,579,0.07799999999997453,0.07799999999997453,0.17199999999996862
580,w,1.0,710.0,622.0,0.0,1.0,0.0,0.14,376.8649999999978,580,0.09399999999999409,0.13999999999998636,0.2179999999999609
581,o,1.0,710.0,622.0,0.0,1.0,0.0,0.187,377.1459999999978,581,0.09399999999999409,0.18700000000001182,0.2810000000000059
582,r,1.0,710.0,622.0,0.0,1.0,0.0,0.218,377.4579999999978,582,0.09399999999999409,0.21800000000001774,0.3120000000000118
583,d,1.0,710.0,622.0,0.0,1.0,0.0,0.546,378.0979999999978,583,0.07799999999997453,0.5459999999999923,0.6399999999999864
584,s,1.0,710.0,622.0,0.0,1.0,0.0,0.124,378.2999999999978,584,0.09399999999999409,0.12400000000002365,0.20199999999999818
585,space,1.0,710.0,622.0,0.0,1.0,0.0,0.094,378.4879999999978,585,0.09300000000001774,0.09399999999999409,0.18799999999998818
586,t,1.0,710.0,622.0,0.0,1.0,0.0,0.328,378.9089999999978,586,0.07799999999997453,0.32799999999997453,0.42099999999999227
587,h,1.0,710.0,622.0,0.0,1.0,0.0,0.14,379.12699999999774,587,0.07799999999997453,0.13999999999998636,0.2179999999999609
588,a,1.0,710.0,622.0,0.0,1.0,0.0,0.094,379.2989999999977,588,0.10899999999998045,0.09399999999999409,0.17199999999996862
589,t,1.0,710.0,622.0,0.0,1.0,0.0,0.343,379.7509999999977,589,0.125,0.34300000000001774,0.4519999999999982
590,space,1.0,710.0,622.0,0.0,1.0,0.0,0.109,379.9849999999977,590,0.09399999999999409,0.10899999999998045,0.23399999999998045
591,i,1.0,710.0,622.0,0.0,1.0,0.0,0.171,380.24999999999767,591,0.07799999999997453,0.17099999999999227,0.26499999999998636
592,space,1.0,710.0,622.0,0.0,1.0,0.0,0.172,380.49999999999767,592,0.06200000000001182,0.17200000000002547,0.25
593,t,1.0,710.0,622.0,0.0,1.0,0.0,0.312,380.8739999999977,593,0.09399999999999409,0.3120000000000118,0.37400000000002365
594,y,1.0,710.0,622.0,0.0,1.0,0.0,0.078,381.04599999999766,594,0.07799999999997453,0.07799999999997453,0.17199999999996862
595,p,1.0,710.0,622.0,0.0,1.0,0.0,0.452,381.57599999999763,595,0.06299999999998818,0.4519999999999982,0.5299999999999727
596,e,1.0,710.0,622.0,0.0,1.0,0.0,0.249,381.88799999999765,596,0.125,0.24900000000002365,0.3120000000000118
597,space,1.0,710.0,622.0,0.0,1.0,0.0,0.078,382.0909999999976,597,0.047000000000025466,0.07799999999997453,0.20299999999997453
598,a,1.0,710.0,622.0,0.0,1.0,0.0,0.562,382.69999999999766,598,0.10899999999998045,0.5620000000000118,0.6090000000000373
599,r,1.0,710.0,622.0,0.0,1.0,0.0,0.156,382.96499999999764,599,0.125,0.1560000000000059,0.26499999999998636
600,e,1.0,710.0,622.0,0.0,1.0,0.0,0.046,383.13599999999764,600,0.07799999999997453,0.04599999999999227,0.17099999999999227
601,space,1.0,710.0,622.0,0.0,1.0,0.0,0.063,383.2769999999976,601,0.07799999999997453,0.06299999999998818,0.1409999999999627
602,u,1.0,710.0,622.0,0.0,1.0,0.0,0.359,383.71399999999755,602,0.07799999999997453,0.35899999999998045,0.436999999999955
603,n,1.0,710.0,622.0,0.0,1.0,0.0,0.374,384.16599999999755,603,0.07799999999997453,0.37400000000002365,0.4519999999999982
604,i,1.0,710.0,622.0,0.0,1.0,0.0,0.187,384.43099999999754,604,0.07799999999997453,0.18700000000001182,0.26499999999998636
605,q,1.0,710.0,622.0,0.0,1.0,0.0,0.671,385.1799999999975,605,0.09399999999999409,0.6709999999999923,0.7489999999999668
606,u,1.0,710.0,622.0,0.0,1.0,0.0,0.202,385.4759999999975,606,0.07799999999997453,0.20199999999999818,0.29599999999999227
607,e,1.0,710.0,622.0,0.0,1.0,0.0,0.344,385.89799999999747,607,0.10899999999998045,0.3439999999999941,0.4219999999999686
608,space,1.0,710.0,622.0,0.0,1.0,0.0,0.062,386.06899999999746,608,0.07799999999997453,0.06200000000001182,0.17099999999999227
609,t,1.0,710.0,622.0,0.0,1.0,0.0,0.141,386.28799999999745,609,0.07799999999997453,0.14100000000001955,0.2189999999999941
610,o,1.0,710.0,622.0,0.0,1.0,0.0,0.109,386.4749999999974,610,0.07799999999997453,0.10899999999998045,0.18699999999995498
611,space,1.0,710.0,622.0,0.0,1.0,0.0,0.171,386.7239999999974,611,0.09399999999999409,0.17099999999999227,0.2489999999999668
612,m,1.0,710.0,622.0,0.0,1.0,0.0,0.109,386.92699999999735,612,0.07799999999997453,0.10899999999998045,0.20299999999997453
613,e,1.0,710.0,622.0,0.0,1.0,0.0,0.172,387.17699999999735,613,0.10899999999998045,0.17200000000002547,0.25
614,.,1.0,710.0,622.0,0.0,1.0,0.0,0.312,387.59799999999734,614,0.07799999999997453,0.3120000000000118,0.42099999999999227
615,space,1.0,710.0,622.0,0.0,1.0,0.0,0.172,387.84799999999734,615,0.06200000000001182,0.17200000000002547,0.25
616,t,1.0,710.0,622.0,0.0,1.0,0.0,0.374,388.2839999999974,616,0.07799999999997453,0.37400000000002365,0.43600000000003547
617,h,1.0,710.0,622.0,0.0,1.0,0.0,0.125,388.48699999999735,617,0.09399999999999409,0.125,0.20299999999997453
618,e,1.0,710.0,622.0,0.0,1.0,0.0,0.109,388.6899999999973,618,0.10899999999998045,0.10899999999998045,0.20299999999997453
619,r,1.0,710.0,622.0,0.0,1.0,0.0,0.125,388.9239999999973,619,0.09399999999999409,0.125,0.23399999999998045
620,e,1.0,710.0,622.0,0.0,1.0,0.0,0.062,389.0799999999973,620,0.07799999999997453,0.06200000000001182,0.1560000000000059
621,space,1.0,710.0,622.0,0.0,1.0,0.0,0.125,389.2829999999973,621,0.09300000000001774,0.125,0.20299999999997453
622,a,1.0,710.0,622.0,0.0,1.0,0.0,0.188,389.5639999999973,622,0.12400000000002365,0.18799999999998818,0.2810000000000059
623,r,1.0,710.0,622.0,0.0,1.0,0.0,0.063,389.7509999999973,623,0.07799999999997453,0.06299999999998818,0.18700000000001182
624,e,1.0,710.0,622.0,0.0,1.0,0.0,0.125,389.9539999999973,624,0.10899999999998045,0.125,0.20299999999997453
625,space,1.0,710.0,622.0,0.0,1.0,0.0,0.187,390.24999999999727,625,0.07799999999997453,0.18700000000001182,0.29599999999999227
626,t,1.0,710.0,622.0,0.0,1.0,0.0,0.624,390.95199999999727,626,0.1560000000000059,0.6240000000000236,0.7019999999999982
627,w,1.0,710.0,622.0,0.0,1.0,0.0,0.343,391.4509999999973,627,0.09399999999999409,0.34300000000001774,0.49900000000002365
628,o,1.0,710.0,622.0,0.0,1.0,0.0,0.249,391.7939999999973,628,0.09399999999999409,0.24900000000002365,0.34300000000001774
629,space,1.0,710.0,622.0,0.0,1.0,0.0,0.203,392.0909999999973,629,0.06200000000001182,0.20299999999997453,0.2969999999999686
630,s,1.0,710.0,622.0,0.0,1.0,0.0,1.888,394.04099999999727,630,0.10899999999998045,1.8879999999999768,1.9499999999999886
631,e,1.0,710.0,622.0,0.0,1.0,0.0,0.14,394.28999999999724,631,0.1560000000000059,0.13999999999998636,0.2489999999999668
632,n,1.0,710.0,622.0,0.0,1.0,0.0,0.468,394.91399999999726,632,0.06299999999998818,0.46800000000001774,0.6240000000000236
633,t,1.0,710.0,622.0,0.0,1.0,0.0,0.281,395.25799999999725,633,0.09300000000001774,0.2810000000000059,0.3439999999999941
634,e,1.0,710.0,622.0,0.0,1.0,0.0,0.094,395.44499999999726,634,0.09300000000001774,0.09399999999999409,0.18700000000001182
635,n,1.0,710.0,622.0,0.0,1.0,0.0,0.234,395.77199999999726,635,0.07799999999997453,0.23399999999998045,0.3269999999999982
636,c,1.0,710.0,622.0,0.0,1.0,0.0,0.297,396.14699999999726,636,0.07799999999997453,0.29700000000002547,0.375
637,e,1.0,710.0,622.0,0.0,1.0,0.0,0.187,396.41199999999725,637,0.07799999999997453,0.18700000000001182,0.26499999999998636
638,s,1.0,710.0,622.0,0.0,1.0,0.0,0.094,396.5839999999972,638,0.09300000000001774,0.09399999999999409,0.17199999999996862
639,space,1.0,710.0,622.0,0.0,1.0,0.0,0.078,396.7549999999972,639,0.07799999999997453,0.07799999999997453,0.17099999999999227
640,i,1.0,710.0,622.0,0.0,1.0,0.0,0.219,397.0519999999972,640,0.07799999999997453,0.2189999999999941,0.2969999999999686
641,n,1.0,710.0,622.0,0.0,1.0,0.0,0.187,397.31699999999717,641,0.06200000000001182,0.18700000000001182,0.26499999999998636
642,space,1.0,710.0,622.0,0.0,1.0,0.0,0.094,397.47299999999717,642,0.09300000000001774,0.09399999999999409,0.1560000000000059
643,t,1.0,710.0,622.0,0.0,1.0,0.0,0.25,397.8159999999972,643,0.09399999999999409,0.25,0.34300000000001774
644,h,1.0,710.0,622.0,0.0,1.0,0.0,0.124,398.0339999999972,644,0.14100000000001955,0.12400000000002365,0.21800000000001774
645,e,1.0,710.0,622.0,0.0,1.0,0.0,0.078,398.2529999999972,645,0.06200000000001182,0.07799999999997453,0.2189999999999941
646,space,1.0,710.0,622.0,0.0,1.0,0.0,0.094,398.4089999999972,646,0.07799999999997453,0.09399999999999409,0.1560000000000059
647,d,1.0,710.0,622.0,0.0,1.0,0.0,0.967,399.45399999999717,647,0.125,0.9669999999999845,1.044999999999959
648,a,1.0,710.0,622.0,0.0,1.0,0.0,0.234,399.81299999999715,648,0.06200000000001182,0.23399999999998045,0.35899999999998045
649,t,1.0,710.0,622.0,0.0,1.0,0.0,0.125,399.99999999999716,649,0.09399999999999409,0.125,0.18700000000001182
650,a,1.0,710.0,622.0,0.0,1.0,0.0,0.109,400.20299999999713,650,0.06200000000001182,0.10899999999998045,0.20299999999997453
651,space,1.0,710.0,622.0,0.0,1.0,0.0,0.078,400.3429999999971,651,0.10899999999998045,0.07799999999997453,0.13999999999998636
